Rank,Title,Worldwide Lifetime Gross,Domestic Lifetime Gross,Domestic %,Foreign Lifetime Gross,Foreign %,Year
1,Avatar,"$2,923,706,026 ","$785,221,649 ",26.90%,"$2,138,484,377 ",73.10%,2009
2,Avengers: Endgame,"$2,799,439,100 ","$858,373,000 ",30.70%,"$1,941,066,100 ",69%,2019
3,Avatar: The Way of Water,"$2,320,250,281 ","$684,075,767 ",29.50%,"$1,636,174,514 ",70.50%,2022
4,Titanic,"$2,264,743,305 ","$674,292,608 ",29.80%,"$1,590,450,697 ",70.20%,1997
5,Star Wars: Episode VII - The Force Awakens,"$2,071,310,218 ","$936,662,225 ",45.20%,"$1,134,647,993 ",54.80%,2015
6,Avengers: Infinity War,"$2,052,415,039 ","$678,815,482 ",33%,"$1,373,599,557 ",67%,2018
7,Spider-Man: No Way Home,"$1,921,847,111 ","$814,115,070 ",42.40%,"$1,107,732,041 ",57.60%,2021
8,Jurassic World,"$1,671,537,444 ","$653,406,625 ",39.10%,"$1,018,130,819 ",60.90%,2015
9,The Lion King,"$1,663,075,401 ","$543,638,043 ",32.70%,"$1,119,437,358 ",67.30%,2019
10,The Avengers,"$1,520,538,536 ","$623,357,910 ",41.00%,"$897,180,626 ",59.00%,2012
11,Furious 7,"$1,515,341,399 ","$353,007,020 ",23.30%,"$1,162,334,379 ",76.70%,2015
12,Top Gun: Maverick,"$1,495,696,292 ","$718,732,821 ",48%,"$776,963,471 ",52%,2022
13,Frozen II,"$1,453,683,476 ","$477,373,578 ",32.80%,"$976,309,898 ",67.20%,2019
14,Avengers: Age of Ultron,"$1,405,018,048 ","$459,005,868 ",32.70%,"$946,012,180 ",67.30%,2015
15,Barbie,"$1,403,778,771 ","$620,278,771 ",44%,"$783,500,000 ",56%,2023
16,The Super Mario Bros. Movie,"$1,360,325,400 ","$574,934,330 ",42.30%,"$785,391,070 ",57.70%,2023
17,Black Panther,"$1,349,926,083 ","$700,426,566 ",51.90%,"$649,499,517 ",48.10%,2018
18,Harry Potter and the Deathly Hallows: Part 2,"$1,342,359,942 ","$381,447,587 ",28.40%,"$960,912,355 ",71.60%,2011
19,Star Wars: Episode VIII - The Last Jedi,"$1,334,407,706 ","$620,181,382 ",46.50%,"$714,226,324 ",53.50%,2017
20,Jurassic World: Fallen Kingdom,"$1,310,466,296 ","$417,719,760 ",31.90%,"$892,746,536 ",68.10%,2018
21,Frozen,"$1,284,540,518 ","$400,953,009 ",31.20%,"$883,587,509 ",68.80%,2013
22,Beauty and the Beast,"$1,266,115,964 ","$504,481,165 ",39.80%,"$761,634,799 ",60.20%,2017
23,Incredibles 2,"$1,243,225,667 ","$608,581,744 ",49.00%,"$634,643,923 ",51.00%,2018
24,The Fate of the Furious,"$1,236,005,118 ","$226,008,385 ",18.30%,"$1,009,996,733 ",81.70%,2017
25,Iron Man 3,"$1,215,577,205 ","$409,013,994 ",33.60%,"$806,563,211 ",66.40%,2013
26,Minions,"$1,159,444,662 ","$336,045,770 ",29.00%,"$823,398,892 ",71.00%,2015
27,Captain America: Civil War,"$1,155,046,416 ","$408,084,349 ",35%,"$746,962,067 ",65%,2016
28,Aquaman,"$1,148,528,393 ","$335,104,314 ",29.20%,"$813,424,079 ",70.80%,2018
29,The Lord of the Rings: The Return of the King,"$1,147,633,833 ","$379,427,292 ",33%,"$768,206,541 ",67%,2003
30,Skyfall,"$1,142,471,295 ","$304,360,277 ",26.60%,"$838,111,018 ",73.40%,2012
31,Spider-Man: Far from Home,"$1,131,927,996 ","$390,532,085 ",34.50%,"$741,395,911 ",65.50%,2019
32,Captain Marvel,"$1,131,416,446 ","$426,829,839 ",37.70%,"$704,586,607 ",62.30%,2019
33,Transformers: Dark of the Moon,"$1,123,794,079 ","$352,390,543 ",31.40%,"$771,403,536 ",68.60%,2011
34,Jurassic Park,"$1,113,138,548 ","$407,185,075 ",36.60%,"$705,953,473 ",63.40%,1993
35,Transformers: Age of Extinction,"$1,104,054,072 ","$245,439,076 ",22.20%,"$858,614,996 ",77.80%,2014
36,The Dark Knight Rises,"$1,081,169,825 ","$448,149,584 ",41.40%,"$633,020,241 ",58.60%,2012
37,Star Wars: Episode IX - The Rise of Skywalker,"$1,077,022,372 ","$515,202,542 ",47.80%,"$561,819,830 ",52.20%,2019
38,Joker,"$1,074,458,282 ","$335,477,657 ",31.20%,"$738,980,625 ",68.80%,2019
39,Toy Story 4,"$1,073,841,394 ","$434,038,008 ",40.40%,"$639,803,386 ",59.60%,2019
40,Toy Story 3,"$1,067,316,101 ","$415,004,880 ",38.90%,"$652,311,221 ",61.10%,2010
41,Pirates of the Caribbean: Dead Man's Chest,"$1,066,179,747 ","$423,315,812 ",39.70%,"$642,863,935 ",60.30%,2006
42,Rogue One: A Star Wars Story,"$1,058,682,142 ","$533,539,991 ",50.40%,"$525,142,151 ",49.60%,2016
43,Aladdin,"$1,054,304,000 ","$355,559,216 ",33.70%,"$698,744,784 ",66.30%,2019
44,Pirates of the Caribbean: On Stranger Tides,"$1,046,721,266 ","$241,071,802 ",23.00%,"$805,649,464 ",77.00%,2011
45,Despicable Me 3,"$1,034,800,131 ","$264,624,300 ",25.60%,"$770,175,831 ",74.40%,2017
46,Finding Dory,"$1,029,266,989 ","$486,295,561 ",47.20%,"$542,971,428 ",52.80%,2016
47,Star Wars: Episode I - The Phantom Menace,"$1,027,082,707 ","$474,544,677 ",46.20%,"$552,538,030 ",53.80%,1999
48,Zootopia,"$1,025,521,689 ","$341,268,248 ",33.30%,"$684,253,441 ",66.70%,2016
49,Alice in Wonderland,"$1,025,468,216 ","$334,191,110 ",32.60%,"$691,277,106 ",67.40%,2010
50,Harry Potter and the Sorcerer's Stone,"$1,023,864,226 ","$318,886,962 ",31%,"$704,977,264 ",69%,2001
51,The Hobbit: An Unexpected Journey,"$1,017,030,651 ","$303,030,651 ",29.80%,"$714,000,000 ",70.20%,2012
52,The Dark Knight,"$1,006,234,167 ","$534,987,076 ",53.20%,"$471,247,091 ",46.80%,2008
53,Jurassic World Dominion,"$1,001,978,080 ","$376,851,080 ",37.60%,"$625,127,000 ",62.40%,2022
54,Jumanji: Welcome to the Jungle,"$995,339,117 ","$404,540,171 ",40.60%,"$590,798,946 ",59.40%,2017
55,Harry Potter and the Deathly Hallows: Part 1,"$977,070,383 ","$296,374,621 ",30.30%,"$680,695,762 ",69.70%,2010
56,Despicable Me 2,"$970,766,005 ","$368,065,385 ",37.90%,"$602,700,620 ",62.10%,2013
57,The Lion King,"$968,511,805 ","$422,783,777 ",43.60%,"$545,728,028 ",56.40%,1994
58,The Jungle Book,"$967,724,775 ","$364,001,123 ",37.60%,"$603,723,652 ",62.40%,2016
59,The Hobbit: The Battle of the Five Armies,"$962,201,338 ","$255,138,261 ",26.50%,"$707,063,077 ",73.50%,2014
60,Pirates of the Caribbean: At World's End,"$961,691,209 ","$309,420,425 ",32.20%,"$652,270,784 ",67.80%,2007
61,The Hobbit: The Desolation of Smaug,"$959,027,992 ","$258,387,334 ",26.90%,"$700,640,658 ",73.10%,2013
62,Doctor Strange in the Multiverse of Madness,"$955,775,804 ","$411,331,607 ",43%,"$544,444,197 ",57%,2022
63,The Lord of the Rings: The Two Towers,"$947,944,270 ","$342,952,511 ",36%,"$604,991,759 ",64%,2002
64,Harry Potter and the Order of the Phoenix,"$942,278,045 ","$292,382,727 ",31%,"$649,895,318 ",69%,2007
65,Finding Nemo,"$941,637,960 ","$380,843,261 ",40%,"$560,794,699 ",60%,2003
66,Minions: The Rise of Gru,"$939,628,210 ","$369,695,210 ",39.30%,"$569,933,000 ",60.70%,2022
67,Harry Potter and the Half-Blood Prince,"$934,519,387 ","$302,334,374 ",32.40%,"$632,185,013 ",67.60%,2009
68,Shrek 2,"$928,760,770 ","$441,226,247 ",47.50%,"$487,534,523 ",53%,2004
69,Harry Potter and the Chamber of Secrets,"$925,735,771 ","$262,641,637 ",28.40%,"$663,094,134 ",71.60%,2002
70,Bohemian Rhapsody,"$910,809,311 ","$216,668,042 ",23.80%,"$694,141,269 ",76.20%,2018
71,The Battle at Lake Changjin,"$902,548,476 ","$342,411 ",<0.1%,"$902,206,065 ",100%,2021
72,The Lord of the Rings: The Fellowship of the Ring,"$898,204,420 ","$316,115,420 ",35.20%,"$582,089,000 ",64.80%,2001
73,Harry Potter and the Goblet of Fire,"$896,815,106 ","$290,469,928 ",32.40%,"$606,345,178 ",67.60%,2005
74,Spider-Man 3,"$894,983,373 ","$336,530,303 ",38%,"$558,453,070 ",62%,2007
75,The Secret Life of Pets,"$894,328,469 ","$368,384,330 ",41.20%,"$525,944,139 ",58.80%,2016
76,Oppenheimer,"$890,919,715 ","$315,217,715 ",35.40%,"$575,702,000 ",64.60%,2023
77,Ice Age: Dawn of the Dinosaurs,"$886,686,817 ","$196,573,705 ",22.20%,"$690,113,112 ",77.80%,2009
78,Spectre,"$880,705,312 ","$200,074,609 ",22.70%,"$680,630,703 ",77.30%,2015
79,Spider-Man: Homecoming,"$880,166,924 ","$334,201,140 ",38.00%,"$545,965,784 ",62.00%,2017
80,Ice Age: Continental Drift,"$877,244,782 ","$161,321,843 ",18.40%,"$715,922,939 ",81.60%,2012
81,Batman v Superman: Dawn of Justice,"$873,637,528 ","$330,360,194 ",37.80%,"$543,277,334 ",62.20%,2016
82,Wolf Warrior 2,"$870,325,439 ","$2,721,100 ",0.30%,"$867,604,339 ",99.70%,2017
83,Star Wars: Episode III - Revenge of the Sith,"$868,390,560 ","$380,270,577 ",43.80%,"$488,119,983 ",56%,2005
84,The Hunger Games: Catching Fire,"$865,011,746 ","$424,668,047 ",49.10%,"$440,343,699 ",50.90%,2013
85,Guardians of the Galaxy Vol. 2,"$863,756,051 ","$389,813,101 ",45.10%,"$473,942,950 ",54.90%,2017
86,Black Panther: Wakanda Forever,"$859,208,836 ","$453,829,060 ",52.80%,"$405,379,776 ",47.20%,2022
87,Inside Out,"$858,848,019 ","$356,921,711 ",41.60%,"$501,926,308 ",58.40%,2015
88,Venom,"$856,085,151 ","$213,515,506 ",24.90%,"$642,569,645 ",75.10%,2018
89,Thor: Ragnarok,"$855,301,806 ","$315,058,289 ",36.80%,"$540,243,517 ",63.20%,2017
90,The Twilight Saga: Breaking Dawn - Part 2,"$848,593,948 ","$292,324,737 ",34.40%,"$556,269,211 ",65.60%,2012
91,Guardians of the Galaxy Vol. 3,"$845,555,777 ","$358,995,815 ",42.50%,"$486,559,962 ",57.50%,2023
92,Inception,"$837,186,610 ","$292,587,330 ",35.00%,"$544,599,280 ",65.00%,2010
93,Transformers: Revenge of the Fallen,"$836,303,693 ","$402,111,870 ",48.10%,"$434,191,823 ",51.90%,2009
94,Spider-Man,"$825,025,036 ","$407,022,860 ",49%,"$418,002,176 ",51%,2002
95,Wonder Woman,"$822,854,286 ","$412,845,172 ",50.20%,"$410,009,114 ",49.80%,2017
96,"Hi, Mom","$822,009,764 ",-,-,"$822,009,764 ",100.00%,2021
97,Independence Day,"$817,400,891 ","$306,169,268 ",37.50%,"$511,231,623 ",62.50%,1996
98,Coco,"$814,337,054 ","$210,460,015 ",25.80%,"$603,877,039 ",74.20%,2017
99,Fantastic Beasts and Where to Find Them,"$814,044,001 ","$234,037,575 ",28.80%,"$580,006,426 ",71.20%,2016
100,Shrek the Third,"$813,367,380 ","$322,719,944 ",39.70%,"$490,647,436 ",60.30%,2007
101,Jumanji: The Next Level,"$801,693,929 ","$320,314,960 ",40.00%,"$481,378,969 ",60.00%,2019
102,Harry Potter and the Prisoner of Azkaban,"$797,660,766 ","$250,105,651 ",31.40%,"$547,555,115 ",68.60%,2004
103,Pirates of the Caribbean: Dead Men Tell No Tales,"$795,922,298 ","$172,558,876 ",21.70%,"$623,363,422 ",78.30%,2017
104,E.T. the Extra-Terrestrial,"$792,910,554 ","$437,141,279 ",55.10%,"$355,769,275 ",44.90%,1982
105,Mission: Impossible - Fallout,"$791,657,398 ","$220,159,104 ",27.80%,"$571,498,294 ",72.20%,2018
106,2012,"$791,217,826 ","$166,112,167 ",21.00%,"$625,105,659 ",79.00%,2009
107,Indiana Jones and the Kingdom of the Crystal Skull,"$790,653,942 ","$317,101,119 ",40%,"$473,552,823 ",60%,2008
108,Spider-Man 2,"$788,976,453 ","$373,585,825 ",47%,"$415,390,628 ",53%,2004
109,Fast & Furious 6,"$788,680,968 ","$238,679,850 ",30.30%,"$550,001,118 ",69.70%,2013
110,Deadpool 2,"$785,896,609 ","$324,591,735 ",41.30%,"$461,304,874 ",58.70%,2018
111,Deadpool,"$782,836,791 ","$363,070,709 ",46.40%,"$419,766,082 ",53.60%,2016
112,Star Wars: Episode IV - A New Hope,"$775,398,007 ","$460,998,507 ",59.40%,"$314,399,500 ",40.60%,1977
113,No Time to Die,"$774,153,007 ","$160,891,007 ",20.80%,"$613,262,000 ",79.20%,2021
114,Guardians of the Galaxy,"$773,350,147 ","$333,718,600 ",43.20%,"$439,631,547 ",56.80%,2014
115,The Batman,"$770,962,583 ","$369,345,583 ",47.90%,"$401,617,000 ",52.10%,2022
116,Thor: Love and Thunder,"$760,928,081 ","$343,256,830 ",45.10%,"$417,671,251 ",54.90%,2022
117,Fast & Furious Presents: Hobbs & Shaw,"$760,732,926 ","$173,956,935 ",22.90%,"$586,775,991 ",77.10%,2019
118,The Da Vinci Code,"$760,006,945 ","$217,536,138 ",28.60%,"$542,470,807 ",71.40%,2006
119,Maleficent,"$759,853,685 ","$241,410,378 ",31.80%,"$518,443,307 ",68.20%,2014
120,The Amazing Spider-Man,"$757,930,663 ","$262,030,663 ",34.60%,"$495,900,000 ",65.40%,2012
121,The Hunger Games: Mockingjay - Part 1,"$755,356,711 ","$337,135,885 ",44.60%,"$418,220,826 ",55.40%,2014
122,Shrek Forever After,"$752,600,867 ","$238,736,787 ",31.70%,"$513,864,080 ",68.30%,2010
123,Gravity,"$748,049,949 ","$274,092,705 ",36.60%,"$473,957,244 ",63.40%,2013
124,Madagascar 3: Europe's Most Wanted,"$746,921,274 ","$216,391,482 ",29.00%,"$530,529,792 ",71.00%,2012
125,Suicide Squad,"$746,846,894 ","$325,100,054 ",43.50%,"$421,746,840 ",56.50%,2016
126,X-Men: Days of Future Past,"$746,045,700 ","$233,921,534 ",31%,"$512,124,166 ",69%,2014
127,"The Chronicles of Narnia: The Lion, the Witch and the Wardrobe","$745,013,115 ","$291,710,957 ",39.20%,"$453,302,158 ",60.80%,2005
128,Monsters University,"$743,559,645 ","$268,492,764 ",36.10%,"$475,066,881 ",63.90%,2013
129,The Matrix Reloaded,"$741,847,937 ","$281,576,461 ",38.00%,"$460,271,476 ",62.00%,2003
130,Up,"$735,099,102 ","$293,004,164 ",39.90%,"$442,094,938 ",60.10%,2009
131,Ne Zha,"$726,264,074 ","$3,695,533 ",0.50%,"$722,568,541 ",99.50%,2019
132,F9: The Fast Saga,"$726,229,501 ","$173,005,945 ",23.80%,"$553,223,556 ",76.20%,2021
133,Interstellar,"$718,913,752 ","$188,020,017 ",26.20%,"$530,893,735 ",73.80%,2014
134,Captain America: The Winter Soldier,"$714,421,503 ","$259,766,572 ",36%,"$454,654,931 ",64%,2014
135,The Twilight Saga: Breaking Dawn - Part 1,"$712,205,856 ","$281,287,133 ",39.50%,"$430,918,723 ",60.50%,2011
136,The Twilight Saga: New Moon,"$711,025,481 ","$297,816,253 ",41.90%,"$413,209,228 ",58.10%,2009
137,Dawn of the Planet of the Apes,"$710,644,566 ","$208,545,589 ",29.40%,"$502,098,977 ",70.60%,2014
138,Transformers,"$709,709,780 ","$319,246,193 ",45.00%,"$390,463,587 ",55.00%,2007
139,The Amazing Spider-Man 2,"$708,982,323 ","$202,853,933 ",28.60%,"$506,128,390 ",71.40%,2014
140,Fast X,"$704,709,660 ","$145,960,660 ",20.70%,"$558,749,000 ",79.30%,2023
141,It,"$701,842,551 ","$328,874,981 ",46.90%,"$372,967,570 ",53.10%,2017
142,The Wandering Earth,"$699,992,512 ","$5,971,413 ",0.80%,"$694,021,099 ",99.20%,2019
143,The Twilight Saga: Eclipse,"$698,509,825 ","$300,531,751 ",43.00%,"$397,978,074 ",57.00%,2010
144,Mission: Impossible - Ghost Protocol,"$694,713,380 ","$209,397,903 ",30%,"$485,315,477 ",70%,2011
145,Mamma Mia!,"$694,478,392 ","$144,169,664 ",21%,"$550,308,728 ",79%,2008
146,The Hunger Games,"$694,394,724 ","$408,010,692 ",58.80%,"$286,384,032 ",41.20%,2012
147,Spider-Man: Across the Spider-Verse,"$689,664,223 ","$381,305,034 ",55.30%,"$308,359,189 ",44.70%,2023
148,Moana,"$687,228,908 ","$248,757,044 ",36.20%,"$438,471,864 ",63.80%,2016
149,Detective Chinatown 3,"$686,257,563 ",-,-,"$686,257,563 ",100.00%,2021
150,Mission: Impossible - Rogue Nation,"$682,716,636 ","$195,042,377 ",28.60%,"$487,674,259 ",71.40%,2015
151,Forrest Gump,"$678,226,465 ","$330,455,270 ",48.70%,"$347,771,195 ",51.30%,1994
152,Doctor Strange,"$677,796,076 ","$232,641,920 ",34.30%,"$445,154,156 ",65.70%,2016
153,The Sixth Sense,"$672,806,432 ","$293,506,292 ",43.60%,"$379,300,140 ",56.40%,1999
154,Man of Steel,"$668,045,518 ","$291,045,518 ",43.60%,"$377,000,000 ",56.40%,2013
155,Ice Age: The Meltdown,"$667,094,506 ","$195,330,621 ",29.30%,"$471,763,885 ",70.70%,2006
156,Kung Fu Panda 2,"$665,692,281 ","$165,249,063 ",24.80%,"$500,443,218 ",75.20%,2011
157,Justice League,"$657,926,987 ","$229,024,295 ",34.80%,"$428,902,692 ",65.20%,2017
158,Big Hero 6,"$657,869,686 ","$222,527,828 ",33.80%,"$435,341,858 ",66.20%,2014
159,Fantastic Beasts: The Crimes of Grindelwald,"$654,855,901 ","$159,555,901 ",24.40%,"$495,300,000 ",75.60%,2018
160,Pirates of the Caribbean: The Curse of the Black Pearl,"$654,264,015 ","$305,413,918 ",46.70%,"$348,850,097 ",53.30%,2003
161,Men in Black 3,"$654,213,485 ","$179,020,854 ",27.40%,"$475,192,631 ",72.60%,2012
162,Star Wars: Episode II - Attack of the Clones,"$653,779,970 ","$310,676,740 ",48%,"$343,103,230 ",53%,2002
163,The Hunger Games: Mockingjay - Part 2,"$653,428,261 ","$281,723,902 ",43.10%,"$371,704,359 ",56.90%,2015
164,Thor: The Dark World,"$644,783,140 ","$206,362,140 ",32.00%,"$438,421,000 ",68.00%,2013
165,Sing,"$634,338,384 ","$270,578,425 ",42.70%,"$363,759,959 ",57.30%,2016
166,Kung Fu Panda,"$632,083,197 ","$215,771,591 ",34.10%,"$416,311,606 ",65.90%,2008
167,The Incredibles,"$631,607,053 ","$261,441,092 ",41.40%,"$370,165,961 ",58.60%,2004
168,The Martian,"$630,620,818 ","$228,433,663 ",36.20%,"$402,187,155 ",63.80%,2015
169,Hancock,"$629,443,428 ","$227,946,274 ",36.20%,"$401,497,154 ",63.80%,2008
170,Water Gate Bridge,"$626,571,697 ","$117,294 ",<0.1%,"$626,454,403 ",100.00%,2022
171,Fast Five,"$626,137,675 ","$209,837,675 ",33.50%,"$416,300,000 ",66.50%,2011
172,Iron Man 2,"$623,933,331 ","$312,433,331 ",50.10%,"$311,500,000 ",49.90%,2010
173,Ratatouille,"$623,726,085 ","$206,445,654 ",33.10%,"$417,280,431 ",66.90%,2007
174,Ant-Man and the Wasp,"$622,674,139 ","$216,648,740 ",34.80%,"$406,025,399 ",65.20%,2018
175,How to Train Your Dragon 2,"$621,537,519 ","$177,002,924 ",28.50%,"$444,534,595 ",71.50%,2014
176,Logan,"$619,179,950 ","$226,277,068 ",36.50%,"$392,902,882 ",63.50%,2017
177,The Lost World: Jurassic Park,"$618,638,999 ","$229,086,679 ",37.00%,"$389,552,320 ",63.00%,1997
178,Casino Royale,"$616,505,162 ","$167,445,960 ",27.20%,"$449,059,202 ",72.80%,2006
179,The Passion of the Christ,"$612,054,506 ","$370,782,930 ",60.60%,"$241,271,576 ",39.40%,2004
180,Life of Pi,"$609,016,565 ","$124,987,023 ",20.50%,"$484,029,542 ",79.50%,2012
181,Ready Player One,"$607,274,134 ","$137,715,350 ",22.70%,"$469,558,784 ",77.30%,2018
182,Transformers: The Last Knight,"$605,425,157 ","$130,168,683 ",21.50%,"$475,256,474 ",78.50%,2017
183,Madagascar: Escape 2 Africa,"$603,900,354 ","$180,010,950 ",29.80%,"$423,889,404 ",70.20%,2008
184,War of the Worlds,"$603,873,119 ","$234,280,354 ",38.80%,"$369,592,765 ",61.20%,2005
185,Tangled,"$592,462,816 ","$200,821,936 ",33.90%,"$391,640,880 ",66.10%,2010
186,Quantum of Solace,"$589,580,482 ","$168,368,427 ",29%,"$421,212,055 ",71%,2008
187,Men in Black,"$589,390,539 ","$250,690,539 ",42.50%,"$338,700,000 ",57.50%,1997
188,The Croods,"$587,235,983 ","$187,168,425 ",31.90%,"$400,067,558 ",68.10%,2013
189,The Hangover Part II,"$586,764,305 ","$254,464,305 ",43.40%,"$332,300,000 ",56.60%,2011
190,Iron Man,"$585,796,247 ","$319,034,126 ",54.50%,"$266,762,121 ",45.50%,2008
191,I Am Legend,"$585,410,052 ","$256,393,010 ",44%,"$329,017,042 ",56%,2007
192,"Monsters, Inc.","$579,707,738 ","$290,642,256 ",50.10%,"$289,065,482 ",49.90%,2001
193,Operation Red Sea,"$579,330,426 ","$1,543,547 ",0.30%,"$577,786,879 ",99.70%,2018
194,Night at the Museum,"$574,481,229 ","$250,863,268 ",43.70%,"$323,617,961 ",56.30%,2006
195,Fifty Shades of Grey,"$569,651,467 ","$166,167,230 ",29.20%,"$403,484,237 ",70.80%,2015
196,The Little Mermaid,"$569,539,932 ","$298,170,528 ",52.40%,"$271,369,404 ",47.60%,2023
197,Kong: Skull Island,"$566,652,812 ","$168,052,812 ",29.70%,"$398,600,000 ",70.30%,2017
198,The Smurfs,"$563,749,323 ","$142,614,158 ",25.30%,"$421,135,165 ",74.70%,2011
199,Mission: Impossible - Dead Reckoning Part One,"$563,727,891 ","$171,427,891 ",30.40%,"$392,300,000 ",69.60%,2023
200,Cars 2,"$559,852,396 ","$191,452,396 ",34%,"$368,400,000 ",66%,2011
201,King Kong,"$556,906,378 ","$218,080,025 ",39.20%,"$338,826,353 ",60.80%,2005
202,Puss in Boots,"$554,987,477 ","$149,260,504 ",26.90%,"$405,726,973 ",73.10%,2011
203,The Mermaid,"$553,810,228 ","$3,232,685 ",0.60%,"$550,577,543 ",99.40%,2016
204,Armageddon,"$553,709,788 ","$201,578,182 ",36.40%,"$352,131,606 ",63.60%,1998
205,The Day After Tomorrow,"$552,639,571 ","$186,740,799 ",33.80%,"$365,898,772 ",66.20%,2004
206,Ted,"$549,368,315 ","$218,815,487 ",39.80%,"$330,552,828 ",60.20%,2012
207,American Sniper,"$547,459,020 ","$350,159,020 ",64%,"$197,300,000 ",36%,2014
208,Mission: Impossible II,"$546,388,108 ","$215,409,889 ",39.40%,"$330,978,219 ",60.60%,2000
209,Detective Chinatown 2,"$544,185,156 ","$1,983,984 ",0.40%,"$542,201,172 ",99.60%,2018
210,X-Men: Apocalypse,"$543,934,105 ","$155,442,489 ",28.60%,"$388,491,616 ",71.40%,2016
211,Sherlock Holmes: A Game of Shadows,"$543,848,418 ","$186,848,418 ",34.40%,"$357,000,000 ",65.60%,2011
212,Despicable Me,"$543,157,985 ","$251,557,985 ",46.30%,"$291,600,000 ",53.70%,2010
213,Cinderella,"$542,358,331 ","$201,151,353 ",37.10%,"$341,206,978 ",62.90%,2015
214,Madagascar,"$542,063,846 ","$193,595,521 ",35.70%,"$348,468,325 ",64.30%,2005
215,World War Z,"$540,455,876 ","$202,807,711 ",37.50%,"$337,648,165 ",62.50%,2013
216,Brave,"$538,983,207 ","$237,283,207 ",44%,"$301,700,000 ",56%,2012
217,Star Wars: Episode V - The Empire Strikes Back,"$538,375,067 ","$292,753,960 ",54.40%,"$245,621,107 ",45.60%,1980
218,The Simpsons Movie,"$536,414,293 ","$183,135,014 ",34.10%,"$353,279,279 ",65.90%,2007
219,The Revenant,"$532,950,503 ","$183,637,894 ",34.50%,"$349,312,609 ",65.50%,2015
220,The Meg,"$529,338,515 ","$145,522,784 ",27.50%,"$383,815,731 ",72.50%,2018
221,Ralph Breaks the Internet,"$529,323,962 ","$201,091,711 ",38%,"$328,232,251 ",62%,2018
222,Hotel Transylvania 3: Summer Vacation,"$528,583,774 ","$167,510,016 ",31.70%,"$361,073,758 ",68.30%,2018
223,The Boss Baby,"$527,965,936 ","$175,003,033 ",33.20%,"$352,962,903 ",66.80%,2017
224,Dunkirk,"$527,016,307 ","$189,740,665 ",36%,"$337,275,642 ",64%,2017
225,The Grinch,"$526,760,632 ","$271,384,731 ",51.50%,"$255,375,901 ",48.50%,2018
226,Godzilla,"$524,976,069 ","$200,676,069 ",38.20%,"$324,300,000 ",61.80%,2014
227,How to Train Your Dragon: The Hidden World,"$524,580,592 ","$160,945,505 ",30.70%,"$363,635,087 ",69.30%,2019
228,Sherlock Holmes,"$524,028,679 ","$209,028,679 ",39.90%,"$315,000,000 ",60.10%,2009
229,Meet the Fockers,"$522,657,936 ","$279,261,160 ",53.40%,"$243,396,776 ",46.60%,2004
230,WALL·E,"$521,311,890 ","$223,808,164 ",42.90%,"$297,503,726 ",57.10%,2008
231,Kung Fu Panda 3,"$521,170,825 ","$143,528,619 ",27.50%,"$377,642,206 ",72.50%,2016
232,Terminator 2: Judgment Day,"$520,881,154 ","$205,881,154 ",39.50%,"$315,000,000 ",60.50%,1991
233,Ant-Man,"$519,311,965 ","$180,202,163 ",34.70%,"$339,109,802 ",65.30%,2015
234,Venom: Let There Be Carnage,"$506,863,592 ","$213,550,366 ",42.10%,"$293,313,226 ",57.90%,2021
235,Ghost,"$505,703,557 ","$217,631,306 ",43%,"$288,072,251 ",57%,1990
236,Aladdin,"$504,050,219 ","$217,350,219 ",43.10%,"$286,700,000 ",56.90%,1992
237,Gladiator,"$503,162,313 ","$187,705,427 ",37.30%,"$315,456,886 ",62.70%,2000
238,Rio 2,"$498,781,117 ","$131,538,435 ",26.40%,"$367,242,682 ",73.60%,2014
239,Troy,"$497,409,852 ","$133,378,256 ",26.80%,"$364,031,596 ",73.20%,2004
240,Toy Story 2,"$497,375,381 ","$245,852,179 ",49.40%,"$251,523,202 ",50.60%,1999
241,How to Train Your Dragon,"$494,879,471 ","$217,581,231 ",44%,"$277,298,240 ",56%,2010
242,Twister,"$494,580,615 ","$241,830,615 ",48.90%,"$252,750,000 ",51.10%,1996
243,Oz the Great and Powerful,"$493,311,825 ","$234,911,825 ",47.60%,"$258,400,000 ",52.40%,2013
244,Clash of the Titans,"$493,214,993 ","$163,214,888 ",33.10%,"$330,000,105 ",66.90%,2010
245,Maleficent: Mistress of Evil,"$491,730,089 ","$113,929,605 ",23.20%,"$377,800,484 ",76.80%,2019
246,War for the Planet of the Apes,"$490,719,763 ","$146,880,162 ",29.90%,"$343,839,601 ",70.10%,2017
247,Shrek,"$488,441,368 ","$268,163,011 ",54.90%,"$220,278,357 ",45.10%,2001
248,Mr. & Mrs. Smith,"$487,287,646 ","$186,336,279 ",38.20%,"$300,951,367 ",61.80%,2005
249,Angels & Demons,"$485,930,816 ","$133,375,846 ",27.40%,"$352,554,970 ",72.60%,2009
250,Teenage Mutant Ninja Turtles,"$485,004,754 ","$191,204,754 ",39.40%,"$293,800,000 ",60.60%,2014
251,Bruce Almighty,"$484,592,874 ","$242,829,261 ",50.10%,"$241,763,613 ",49.90%,2003
252,Elemental,"$484,184,074 ","$154,169,093 ",31.80%,"$330,014,981 ",68.20%,2023
253,The King's Speech,"$484,068,861 ","$138,797,449 ",28.70%,"$345,271,412 ",71.30%,2010
254,Rio,"$483,866,772 ","$143,619,809 ",29.70%,"$340,246,963 ",70.30%,2011
255,Saving Private Ryan,"$482,349,603 ","$217,049,603 ",45%,"$265,300,000 ",55%,1998
256,Rise of the Planet of the Apes,"$481,800,873 ","$176,760,185 ",36.70%,"$305,040,688 ",63.30%,2011
257,Puss in Boots: The Last Wish,"$481,051,293 ","$185,535,345 ",38.60%,"$295,515,948 ",61.40%,2022
258,Home Alone,"$476,684,675 ","$285,761,243 ",60%,"$190,923,432 ",40%,1990
259,Jaws,"$476,512,065 ","$265,859,065 ",55.80%,"$210,653,000 ",44.20%,1975
260,Ant-Man and the Wasp: Quantumania,"$476,071,180 ","$214,504,909 ",45.10%,"$261,566,271 ",54.90%,2023
261,Hotel Transylvania 2,"$475,186,706 ","$169,700,110 ",35.70%,"$305,486,596 ",64.30%,2015
262,Star Wars: Episode VI - Return of the Jedi,"$475,106,177 ","$316,566,101 ",66.60%,"$158,540,076 ",33.40%,1983
263,Charlie and the Chocolate Factory,"$474,968,763 ","$206,459,076 ",43.50%,"$268,509,687 ",56.50%,2005
264,Indiana Jones and the Last Crusade,"$474,171,806 ","$197,171,806 ",41.60%,"$277,000,000 ",58.40%,1989
265,San Andreas,"$474,009,154 ","$155,190,832 ",32.70%,"$318,818,322 ",67.30%,2015
266,It Chapter Two,"$473,122,525 ","$211,622,525 ",44.70%,"$261,500,000 ",55.30%,2019
267,La La Land,"$471,977,336 ","$151,101,803 ",32%,"$320,875,533 ",68%,2016
268,Wreck-It Ralph,"$471,222,889 ","$189,422,889 ",40.20%,"$281,800,000 ",59.80%,2012
269,Godzilla vs. Kong,"$470,116,094 ","$100,916,094 ",21.50%,"$369,200,000 ",78.50%,2021
270,The Hangover,"$469,328,079 ","$277,339,746 ",59.10%,"$191,988,333 ",40.90%,2009
271,Lucy,"$469,058,574 ","$126,663,600 ",27%,"$342,394,974 ",73%,2014
272,The Lego Movie,"$468,266,122 ","$257,966,122 ",55.10%,"$210,300,000 ",44.90%,2014
273,Bumblebee,"$467,989,645 ","$127,195,589 ",27.20%,"$340,794,056 ",72.80%,2018
274,Star Trek Into Darkness,"$467,365,246 ","$228,778,661 ",49%,"$238,586,585 ",51%,2013
275,The Matrix,"$467,222,728 ","$172,076,928 ",36.80%,"$295,145,800 ",63.20%,1999
276,Pretty Woman,"$463,406,268 ","$178,406,268 ",38.50%,"$285,000,000 ",61.50%,1990
277,Cars,"$461,991,867 ","$244,082,982 ",52.80%,"$217,908,885 ",47.20%,2006
278,The Eight Hundred,"$461,421,559 ","$372,755 ",<0.1%,"$461,048,804 ",99.90%,2020
279,X-Men: The Last Stand,"$460,435,291 ","$234,362,462 ",50.90%,"$226,072,829 ",49.10%,2006
280,Moon Man,"$460,237,662 ",-,-,"$460,237,662 ",100%,2022
281,National Treasure: Book of Secrets,"$459,242,249 ","$219,964,115 ",47.90%,"$239,278,134 ",52.10%,2007
282,Mission: Impossible,"$457,696,391 ","$180,981,856 ",39.50%,"$276,714,535 ",60.50%,1996
283,300,"$456,082,343 ","$210,629,101 ",46.20%,"$245,453,242 ",53.80%,2007
284,The Last Samurai,"$454,627,263 ","$111,127,263 ",24.40%,"$343,500,000 ",75.60%,2003
285,Demon Slayer the Movie: Mugen Train,"$453,210,959 ","$49,505,008 ",10.90%,"$403,705,951 ",89.10%,2020
286,Dying to Survive,"$451,183,391 ","$6,752 ",-,"$451,176,639 ",100%,2018
287,Ocean's Eleven,"$450,717,150 ","$183,417,150 ",40.70%,"$267,300,000 ",59.30%,2001
288,"My People, My Country","$450,064,993 ","$2,356,683 ",0.50%,"$447,708,310 ",99.50%,2019
289,Pokémon: Detective Pikachu,"$449,762,638 ","$144,174,568 ",32.10%,"$305,588,070 ",67.90%,2019
290,Thor,"$449,326,618 ","$181,030,624 ",40.30%,"$268,295,994 ",59.70%,2011
291,Pearl Harbor,"$449,220,945 ","$198,542,554 ",44.20%,"$250,678,391 ",55.80%,2001
292,Tarzan,"$448,191,819 ","$171,091,819 ",38.20%,"$277,100,000 ",61.80%,1999
293,Men in Black II,"$445,135,288 ","$193,735,288 ",43.50%,"$251,400,000 ",56.50%,2002
294,The Bourne Ultimatum,"$444,100,035 ","$227,471,070 ",51.20%,"$216,628,965 ",48.80%,2007
295,The Mummy Returns,"$443,280,904 ","$202,019,785 ",45.60%,"$241,261,119 ",54.40%,2001
296,Alvin and the Chipmunks: The Squeakquel,"$443,140,005 ","$219,614,612 ",49.60%,"$223,525,393 ",50.40%,2009
297,Les Misérables,"$442,299,309 ","$148,809,770 ",33.60%,"$293,489,539 ",66.40%,2012
298,The Exorcist,"$441,306,145 ","$233,005,644 ",52.80%,"$208,300,501 ",47.20%,1973
299,Mrs. Doubtfire,"$441,286,195 ","$219,195,243 ",49.70%,"$222,090,952 ",50.30%,1993
300,Terminator Genisys,"$440,603,537 ","$89,760,956 ",20.40%,"$350,842,581 ",79.60%,2015
301,Warcraft,"$439,048,914 ","$47,365,290 ",10.80%,"$391,683,624 ",89.20%,2016
302,Transformers: Rise of the Beasts,"$438,966,392 ","$157,066,392 ",35.80%,"$281,900,000 ",64.20%,2023
303,A Star Is Born,"$436,233,122 ","$215,333,122 ",49.40%,"$220,900,000 ",50.60%,2018
304,The Greatest Showman,"$435,732,529 ","$174,340,174 ",40%,"$261,392,355 ",60%,2017
305,Terminator 3: Rise of the Machines,"$433,371,112 ","$150,371,112 ",34.70%,"$283,000,000 ",65.30%,2003
306,Shang-Chi and the Legend of the Ten Rings,"$432,243,292 ","$224,543,292 ",52%,"$207,700,000 ",48%,2021
307,Die Another Day,"$431,971,116 ","$160,942,139 ",37.30%,"$271,028,977 ",62.70%,2002
308,The Secret Life of Pets 2,"$431,058,604 ","$158,874,395 ",36.90%,"$272,184,209 ",63.10%,2019
309,Cast Away,"$429,632,142 ","$233,632,142 ",54.40%,"$196,000,000 ",45.60%,2000
310,Rampage,"$428,028,233 ","$101,028,233 ",23.60%,"$327,000,000 ",76.40%,2018
311,The Matrix Revolutions,"$427,344,325 ","$139,313,948 ",32.60%,"$288,030,377 ",67.40%,2003
312,The Intouchables,"$426,588,510 ","$10,198,820 ",2.40%,"$416,389,690 ",97.60%,2011
313,John Wick: Chapter 4,"$426,531,897 ","$187,131,806 ",43.90%,"$239,400,091 ",56.10%,2023
314,Bad Boys for Life,"$426,505,244 ","$206,305,244 ",48.40%,"$220,200,000 ",51.60%,2020
315,Django Unchained,"$426,074,373 ","$162,805,434 ",38.20%,"$263,268,939 ",61.80%,2012
316,Beauty and the Beast,"$424,967,620 ","$218,967,620 ",51.50%,"$206,000,000 ",48.50%,1991
317,Dances with Wolves,"$424,208,848 ","$184,208,848 ",43.40%,"$240,000,000 ",56.60%,1990
318,"My People, My Homeland","$422,390,820 ",-,-,"$422,390,820 ",100%,2020
319,The Chronicles of Narnia: Prince Caspian,"$419,665,568 ","$141,621,490 ",33.80%,"$278,044,078 ",66.20%,2008
320,Sex and the City,"$418,765,519 ","$152,647,258 ",36.40%,"$266,118,261 ",63.60%,2008
321,The Captain,"$417,282,021 ","$706,572 ",0.20%,"$416,575,449 ",99.80%,2019
322,The Mummy,"$415,933,406 ","$155,385,488 ",37.40%,"$260,547,918 ",62.60%,1999
323,The Chronicles of Narnia: The Voyage of the Dawn Treader,"$415,686,217 ","$104,386,950 ",25.10%,"$311,299,267 ",74.90%,2010
324,Jason Bourne,"$415,484,914 ","$162,434,410 ",39.10%,"$253,050,504 ",60.90%,2016
325,The Wolverine,"$414,828,246 ","$132,556,852 ",32%,"$282,271,394 ",68%,2013
326,Kingsman: The Secret Service,"$414,351,546 ","$128,261,724 ",31%,"$286,089,822 ",69%,2015
327,Night at the Museum: Battle of the Smithsonian,"$413,106,170 ","$177,243,721 ",42.90%,"$235,862,449 ",57.10%,2009
328,Batman,"$411,569,241 ","$251,409,241 ",61.10%,"$160,160,000 ",38.90%,1989
329,The Bodyguard,"$411,046,449 ","$122,046,449 ",29.70%,"$289,000,000 ",70.30%,1992
330,Pacific Rim,"$411,002,906 ","$101,802,906 ",24.80%,"$309,200,000 ",75.20%,2013
331,Kingsman: The Golden Circle,"$410,902,662 ","$100,234,838 ",24.40%,"$310,667,824 ",75.60%,2017
332,The Mummy,"$409,231,607 ","$80,227,895 ",19.60%,"$329,003,712 ",80.40%,2017
333,Ice Age: Collision Course,"$408,754,975 ","$64,063,008 ",15.70%,"$344,691,967 ",84.30%,2016
334,Twilight,"$408,430,415 ","$193,962,473 ",47.50%,"$214,467,942 ",52.50%,2008
335,Sing 2,"$408,401,942 ","$162,790,990 ",39.90%,"$245,610,952 ",60.10%,2021
336,Signs,"$408,247,917 ","$227,966,634 ",55.80%,"$180,281,283 ",44.20%,2002
337,X2,"$407,711,549 ","$214,949,694 ",52.70%,"$192,761,855 ",47.30%,2003
338,Fantastic Beasts: The Secrets of Dumbledore,"$407,150,844 ","$95,850,844 ",23.50%,"$311,300,000 ",76.50%,2022
339,Uncharted,"$407,141,258 ","$148,648,820 ",36.50%,"$258,492,438 ",63.50%,2022
340,The Wolf of Wall Street,"$406,878,233 ","$116,900,694 ",28.70%,"$289,977,539 ",71.30%,2013
341,Sonic the Hedgehog 2,"$405,421,518 ","$190,872,904 ",47.10%,"$214,548,614 ",52.90%,2022
342,Alita: Battle Angel,"$404,980,543 ","$85,838,210 ",21.20%,"$319,142,333 ",78.80%,2019
343,The Mummy: Tomb of the Dragon Emperor,"$403,449,830 ","$102,491,776 ",25.40%,"$300,958,054 ",74.60%,2008
344,Prometheus,"$403,354,469 ","$126,477,084 ",31.40%,"$276,877,385 ",68.60%,2012
345,Gone with the Wind,"$402,382,193 ","$200,882,193 ",49.90%,"$201,500,000 ",50.10%,1939
346,Mamma Mia! Here We Go Again,"$402,264,843 ","$120,634,935 ",30%,"$281,629,908 ",70%,2018
347,Eternals,"$402,064,899 ","$164,870,234 ",41%,"$237,194,665 ",59%,2021
348,Dune,"$402,027,830 ","$108,327,830 ",27%,"$293,700,000 ",73%,2021
349,TRON: Legacy,"$400,063,852 ","$172,062,763 ",43%,"$228,001,089 ",57%,2010
350,Mission: Impossible III,"$398,479,497 ","$134,029,801 ",33.60%,"$264,449,696 ",66.40%,2006
351,Snow White and the Huntsman,"$396,592,829 ","$155,332,381 ",39.20%,"$241,260,448 ",60.80%,2012
352,Grease,"$396,271,103 ","$190,071,103 ",48%,"$206,200,000 ",52%,1978
353,Toy Story,"$394,436,586 ","$223,225,679 ",56.60%,"$171,210,907 ",43.40%,1995
354,Black Adam,"$393,252,111 ","$168,152,111 ",42.80%,"$225,100,000 ",57.20%,2022
355,Solo: A Star Wars Story,"$392,924,807 ","$213,767,512 ",54.40%,"$179,157,295 ",45.60%,2018
356,Superman Returns,"$391,081,192 ","$200,081,192 ",51.20%,"$191,000,000 ",48.80%,2006
357,Robin Hood: Prince of Thieves,"$390,493,908 ","$165,493,908 ",42.40%,"$225,000,000 ",57.60%,1991
358,Indiana Jones and the Raiders of the Lost Ark,"$389,925,971 ","$248,159,971 ",63.60%,"$141,766,000 ",36.40%,1981
359,Independence Day: Resurgence,"$389,681,935 ","$103,144,286 ",26.50%,"$286,537,649 ",73.50%,2016
360,Live Free or Die Hard,"$388,156,011 ","$134,529,403 ",34.70%,"$253,626,608 ",65.30%,2007
361,Monster Hunt,"$387,053,506 ","$32,766 ",<0.1%,"$387,020,740 ",100%,2015
362,Godzilla: King of the Monsters,"$386,600,138 ","$110,500,138 ",28.60%,"$276,100,000 ",71.40%,2019
363,Home,"$386,041,607 ","$177,397,510 ",46%,"$208,644,097 ",54%,2015
364,Meg 2: The Trench,"$385,941,643 ","$80,741,643 ",20.90%,"$305,200,000 ",79.10%,2023
365,Star Trek,"$385,680,446 ","$257,730,019 ",66.80%,"$127,950,427 ",33.20%,2009
366,1917,"$384,579,472 ","$159,227,644 ",41.40%,"$225,351,828 ",58.60%,2019
367,Happy Feet,"$384,336,108 ","$198,000,317 ",51.50%,"$186,335,791 ",48.50%,2006
368,Spider-Man: Into the Spider-Verse,"$384,256,930 ","$190,241,310 ",49.50%,"$194,015,620 ",50.50%,2018
369,Cars 3,"$383,930,656 ","$152,901,115 ",39.80%,"$231,029,541 ",60.20%,2017
370,Back to the Future,"$383,336,762 ","$212,836,762 ",55.50%,"$170,500,000 ",44.50%,1985
371,Ice Age,"$383,257,136 ","$176,387,405 ",46%,"$206,869,731 ",54%,2002
372,Indiana Jones and the Dial of Destiny,"$382,661,663 ","$174,453,676 ",45.60%,"$208,207,987 ",54.40%,2023
373,Your Name.,"$382,238,181 ","$5,017,246 ",1.30%,"$377,220,935 ",98.70%,2016
374,Fifty Shades Darker,"$381,545,846 ","$114,581,250 ",30%,"$266,964,596 ",70%,2017
375,Monsters vs. Aliens,"$381,509,870 ","$198,351,526 ",52%,"$183,158,344 ",48%,2009
376,Mad Max: Fury Road,"$380,080,290 ","$154,280,290 ",40.60%,"$225,800,000 ",59.40%,2015
377,Black Widow,"$379,751,655 ","$183,651,655 ",48.40%,"$196,100,000 ",51.60%,2021
378,Godzilla,"$379,014,294 ","$136,314,294 ",36%,"$242,700,000 ",64%,1998
379,True Lies,"$378,882,411 ","$146,282,411 ",38.60%,"$232,600,000 ",61.40%,1994
380,Slumdog Millionaire,"$378,410,542 ","$141,319,928 ",37.40%,"$237,090,614 ",62.60%,2008
381,Once Upon a Time in Hollywood,"$377,617,598 ","$142,502,728 ",37.70%,"$235,114,870 ",62.30%,2019
382,Taken 2,"$376,152,455 ","$139,854,287 ",37.20%,"$236,298,168 ",62.80%,2012
383,G.I. Joe: Retaliation,"$375,740,705 ","$122,523,060 ",32.60%,"$253,217,645 ",67.40%,2013
384,Shark Tale,"$374,583,879 ","$160,861,908 ",42.90%,"$213,721,971 ",57.10%,2004
385,What Women Want,"$374,111,707 ","$182,811,707 ",48.90%,"$191,300,000 ",51.10%,2000
386,The Adventures of Tintin,"$373,993,951 ","$77,591,831 ",20.80%,"$296,402,120 ",79.20%,2011
387,Batman Begins,"$373,672,993 ","$206,863,479 ",55.40%,"$166,809,514 ",44.60%,2005
388,Penguins of Madagascar,"$373,515,621 ","$83,850,911 ",22.40%,"$289,664,710 ",77.60%,2014
389,X-Men Origins: Wolverine,"$373,062,864 ","$179,883,157 ",48.20%,"$193,179,707 ",51.80%,2009
390,The Golden Compass,"$372,234,864 ","$70,107,728 ",18.80%,"$302,127,136 ",81.20%,2007
391,Fifty Shades Freed,"$371,985,018 ","$100,407,760 ",27%,"$271,577,258 ",73%,2018
392,Hitch,"$371,594,210 ","$179,495,555 ",48.30%,"$192,098,655 ",51.70%,2005
393,Terminator Salvation,"$371,353,001 ","$125,322,469 ",33.80%,"$246,030,532 ",66.20%,2009
394,Captain America: The First Avenger,"$370,569,774 ","$176,654,505 ",47.70%,"$193,915,269 ",52.30%,2011
395,Edge of Tomorrow,"$370,541,256 ","$100,206,256 ",27%,"$270,335,000 ",73%,2014
396,There's Something About Mary,"$369,884,651 ","$176,484,651 ",47.70%,"$193,400,000 ",52.30%,1998
397,Gone Girl,"$369,330,363 ","$167,767,189 ",45.40%,"$201,563,174 ",54.60%,2014
398,The Fugitive,"$368,875,760 ","$183,875,760 ",49.80%,"$185,000,000 ",50.20%,1993
399,Jurassic Park III,"$368,780,809 ","$181,171,875 ",49.10%,"$187,608,934 ",50.90%,2001
400,My Big Fat Greek Wedding,"$368,744,044 ","$241,438,208 ",65.50%,"$127,305,836 ",34.50%,2002
401,Shazam!,"$367,799,011 ","$140,480,049 ",38.20%,"$227,318,962 ",61.80%,2019
402,Hello Mr. Billionaire,"$366,961,907 ",-,-,"$366,961,907 ",100%,2018
403,Die Hard with a Vengeance,"$366,101,666 ","$100,012,499 ",27.30%,"$266,089,167 ",72.70%,1995
404,The Nun,"$365,582,797 ","$117,481,222 ",32.10%,"$248,101,575 ",67.90%,2018
405,Alvin and the Chipmunks,"$365,352,546 ","$217,326,974 ",59.50%,"$148,025,572 ",40.50%,2007
406,Tenet,"$365,304,105 ","$58,504,105 ",16%,"$306,800,000 ",84%,2020
407,Notting Hill,"$363,889,678 ","$116,089,678 ",31.90%,"$247,800,000 ",68.10%,1999
408,A Bug's Life,"$363,258,859 ","$162,798,565 ",44.80%,"$200,460,294 ",55.20%,1998
409,Night at the Museum: Secret of the Tomb,"$363,204,635 ","$113,746,621 ",31.30%,"$249,458,014 ",68.70%,2014
410,Ocean's Twelve,"$362,744,280 ","$125,544,280 ",34.60%,"$237,200,000 ",65.40%,2004
411,Planet of the Apes,"$362,211,740 ","$180,011,740 ",49.70%,"$182,200,000 ",50.30%,2001
412,The Hangover Part III,"$362,000,072 ","$112,200,072 ",31%,"$249,800,000 ",69%,2013
413,The World Is Not Enough,"$361,832,400 ","$126,943,684 ",35.10%,"$234,888,716 ",64.90%,1999
414,Monster Hunt 2,"$361,682,618 ","$706,153 ",0.20%,"$360,976,465 ",99.80%,2018
415,Fast & Furious,"$360,366,870 ","$155,064,265 ",43%,"$205,302,605 ",57%,2009
416,Noah,"$359,200,044 ","$101,200,044 ",28.20%,"$258,000,000 ",71.80%,2014
417,The Karate Kid,"$359,126,022 ","$176,591,618 ",49.20%,"$182,534,404 ",50.80%,2010
418,Home Alone 2: Lost in New York,"$358,994,850 ","$173,585,516 ",48.40%,"$185,409,334 ",51.60%,1992
419,Hotel Transylvania,"$358,375,603 ","$148,313,048 ",41.40%,"$210,062,555 ",58.60%,2012
420,Minority Report,"$358,372,926 ","$132,072,926 ",36.80%,"$226,300,000 ",63.20%,2002
421,Top Gun,"$357,288,178 ","$180,258,178 ",50.40%,"$177,030,000 ",49.60%,1986
422,Spirited Away,"$357,277,400 ","$15,205,725 ",4.30%,"$342,071,675 ",95.70%,2001
423,The Legend of Tarzan,"$356,700,357 ","$126,643,061 ",35.50%,"$230,057,296 ",64.50%,2016
424,American Beauty,"$356,296,601 ","$130,096,601 ",36.50%,"$226,200,000 ",63.50%,1999
425,Apollo 13,"$355,237,933 ","$173,837,933 ",48.90%,"$181,400,000 ",51.10%,1995
426,Rain Man,"$354,825,435 ","$172,825,435 ",48.70%,"$182,000,000 ",51.30%,1988
427,The Great Gatsby,"$353,659,851 ","$144,857,996 ",41%,"$208,801,855 ",59%,2013
428,Dumbo,"$353,284,621 ","$114,766,307 ",32.50%,"$238,518,314 ",67.50%,2019
429,"I, Robot","$353,133,898 ","$144,801,023 ",41%,"$208,332,875 ",59%,2004
430,Basic Instinct,"$352,927,224 ","$117,727,224 ",33.40%,"$235,200,000 ",66.60%,1992
431,Murder on the Orient Express,"$352,794,081 ","$102,826,543 ",29.20%,"$249,967,538 ",70.80%,2017
432,X-Men: First Class,"$352,616,690 ","$146,408,305 ",41.50%,"$206,208,385 ",58.50%,2011
433,The Angry Birds Movie,"$352,333,929 ","$107,509,366 ",30.50%,"$244,824,563 ",69.50%,2016
434,GoldenEye,"$352,194,034 ","$106,429,941 ",30.20%,"$245,764,093 ",69.80%,1995
435,Catch Me If You Can,"$352,114,312 ","$164,615,351 ",46.80%,"$187,498,961 ",53.20%,2002
436,Now You See Me,"$351,723,989 ","$117,723,989 ",33.50%,"$234,000,000 ",66.50%,2013
437,Hannibal,"$351,692,268 ","$165,092,268 ",46.90%,"$186,600,000 ",53.10%,2001
438,The Mask,"$351,583,407 ","$119,938,730 ",34.10%,"$231,644,677 ",65.90%,1994
439,Peter Rabbit,"$351,496,066 ","$115,253,424 ",32.80%,"$236,242,642 ",67.20%,2018
440,Speed,"$350,448,145 ","$121,248,145 ",34.60%,"$229,200,000 ",65.40%,1994
441,Dinosaur,"$349,822,765 ","$137,748,063 ",39.40%,"$212,074,702 ",60.60%,2000
442,Mary Poppins Returns,"$349,546,142 ","$171,958,438 ",49.20%,"$177,587,704 ",50.80%,2018
443,Deep Impact,"$349,464,664 ","$140,464,664 ",40.20%,"$209,000,000 ",59.80%,1998
444,The Lorax,"$349,183,316 ","$214,373,500 ",61.40%,"$134,809,816 ",38.60%,2012
445,The Maze Runner,"$348,319,861 ","$102,427,862 ",29.40%,"$245,891,999 ",70.60%,2014
446,The Smurfs 2,"$347,545,360 ","$71,017,784 ",20.40%,"$276,527,576 ",79.60%,2013
447,National Treasure,"$347,512,318 ","$173,008,894 ",49.80%,"$174,503,424 ",50.20%,2004
448,Rush Hour 2,"$347,325,802 ","$226,164,286 ",65.10%,"$121,161,516 ",34.90%,2001
449,Trolls,"$347,182,886 ","$154,025,064 ",44.40%,"$193,157,822 ",55.60%,2016
450,xXx: Return of Xander Cage,"$346,118,277 ","$44,898,413 ",13%,"$301,219,864 ",87%,2017
451,Pocahontas,"$346,079,773 ","$141,579,773 ",40.90%,"$204,500,000 ",59.10%,1995
452,How the Grinch Stole Christmas,"$345,823,032 ","$260,715,005 ",75.40%,"$85,108,027 ",24.60%,2000
453,Star Trek Beyond,"$343,471,816 ","$158,848,340 ",46.20%,"$184,623,476 ",53.80%,2016
454,Alvin and the Chipmunks: Chipwrecked,"$342,695,435 ","$133,110,742 ",38.80%,"$209,584,693 ",61.20%,2011
455,Wanted,"$342,463,063 ","$134,508,551 ",39.30%,"$207,954,512 ",60.70%,2008
456,The Flintstones,"$341,631,208 ","$130,531,208 ",38.20%,"$211,100,000 ",61.80%,1994
457,A Quiet Place,"$340,952,971 ","$188,024,361 ",55.20%,"$152,928,610 ",44.80%,2018
458,Enchanted,"$340,487,862 ","$127,807,262 ",37.50%,"$212,680,600 ",62.50%,2007
459,Over the Hedge,"$339,795,890 ","$155,019,340 ",45.60%,"$184,776,550 ",54.40%,2006
460,300: Rise of an Empire,"$337,580,051 ","$106,580,051 ",31.60%,"$231,000,000 ",68.40%,2014
461,Batman Forever,"$336,567,158 ","$184,069,126 ",54.70%,"$152,498,032 ",45.30%,1995
462,Prince of Persia: The Sands of Time,"$336,365,676 ","$90,759,676 ",27%,"$245,606,000 ",73%,2009
463,The Curious Case of Benjamin Button,"$335,802,786 ","$127,509,326 ",38%,"$208,293,460 ",62%,2008
464,Journey 2: The Mysterious Island,"$335,287,748 ","$103,887,748 ",31%,"$231,400,000 ",69%,2012
465,The Rock,"$335,062,621 ","$134,069,511 ",40%,"$200,993,110 ",60%,1996
466,The Great Wall,"$334,933,831 ","$45,540,830 ",13.60%,"$289,393,001 ",86.40%,2016
467,Now You See Me 2,"$334,897,606 ","$65,075,540 ",19.40%,"$269,822,066 ",80.60%,2016
468,Never Say Die,"$334,530,869 ",-,-,"$334,530,869 ",100%,2017
469,Bridget Jones's Diary,"$334,272,563 ","$71,543,427 ",21.40%,"$262,729,136 ",78.60%,2001
470,Fantastic Four,"$333,535,934 ","$154,696,080 ",46.40%,"$178,839,854 ",53.60%,2005
471,Indiana Jones and the Temple of Doom,"$333,107,271 ","$179,870,271 ",54%,"$153,237,000 ",46%,1984
472,Tomorrow Never Dies,"$333,011,068 ","$125,304,276 ",37.60%,"$207,706,792 ",62.40%,1997
473,Back to the Future Part II,"$332,500,002 ","$119,000,002 ",35.80%,"$213,500,000 ",64.20%,1989
474,The Good Dinosaur,"$332,207,671 ","$123,087,120 ",37%,"$209,120,551 ",63%,2015
475,Free Guy,"$331,526,598 ","$121,626,598 ",36.70%,"$209,900,000 ",63.30%,2021
476,22 Jump Street,"$331,333,876 ","$191,719,337 ",57.90%,"$139,614,539 ",42.10%,2014
477,Meet the Parents,"$330,444,045 ","$166,244,045 ",50.30%,"$164,200,000 ",49.70%,2000
478,Who Framed Roger Rabbit,"$329,803,958 ","$156,452,370 ",47.40%,"$173,351,588 ",52.60%,1988
479,Black Swan,"$329,398,046 ","$106,954,678 ",32.50%,"$222,443,368 ",67.50%,2010
480,The Perfect Storm,"$328,718,434 ","$182,618,434 ",55.60%,"$146,100,000 ",44.40%,2000
481,John Wick: Chapter 3 - Parabellum,"$328,349,387 ","$171,015,687 ",52.10%,"$157,333,700 ",47.90%,2019
482,Crocodile Dundee,"$328,203,506 ","$174,803,506 ",53.30%,"$153,400,000 ",46.70%,1986
483,Crazy Alien,"$327,598,891 ",-,-,"$327,598,891 ",100%,2019
484,Se7en,"$327,333,559 ","$100,125,643 ",30.60%,"$227,207,916 ",69.40%,1995
485,The Devil Wears Prada,"$326,706,115 ","$124,740,460 ",38.20%,"$201,965,655 ",61.80%,2006
486,Taken 3,"$326,479,141 ","$89,256,424 ",27.30%,"$237,222,717 ",72.70%,2015
487,The Hunchback of Notre Dame,"$325,338,851 ","$100,138,851 ",30.80%,"$225,200,000 ",69.20%,1996
488,A Christmas Carol,"$325,286,646 ","$137,855,863 ",42.40%,"$187,430,783 ",57.60%,2009
489,The SpongeBob Movie: Sponge Out of Water,"$325,186,032 ","$162,994,032 ",50.10%,"$162,192,000 ",49.90%,2015
490,Schindler's List,"$322,161,245 ","$96,898,818 ",30.10%,"$225,262,427 ",69.90%,1993
491,Megamind,"$321,885,765 ","$148,415,853 ",46.10%,"$173,469,912 ",53.90%,2010
492,The Conjuring 2,"$321,834,351 ","$102,516,140 ",31.80%,"$219,318,211 ",68.20%,2016
493,Green Book,"$321,752,656 ","$85,080,171 ",26.40%,"$236,672,485 ",73.60%,2018
494,Lethal Weapon 3,"$321,731,527 ","$144,731,527 ",45%,"$177,000,000 ",55%,1992
495,Robin Hood,"$321,669,741 ","$105,269,730 ",32.70%,"$216,400,011 ",67.30%,2010
496,Inglourious Basterds,"$321,457,747 ","$120,540,719 ",37.50%,"$200,917,028 ",62.50%,2009
497,101 Dalmatians,"$320,689,294 ","$136,189,294 ",42.50%,"$184,500,000 ",57.50%,1996
498,The Conjuring,"$320,406,242 ","$137,446,368 ",42.90%,"$182,959,874 ",57.10%,2013
499,Fatal Attraction,"$320,145,693 ","$156,645,693 ",48.90%,"$163,500,000 ",51.10%,1987
500,Sonic the Hedgehog,"$319,715,683 ","$148,974,665 ",46.60%,"$170,741,018 ",53.40%,2020
501,The Last Airbender,"$319,713,881 ","$131,772,187 ",41.20%,"$187,941,694 ",58.80%,2010
502,The Proposal,"$317,375,031 ","$163,958,031 ",51.70%,"$153,417,000 ",48.30%,2009
503,The Polar Express,"$316,897,787 ","$189,528,738 ",59.80%,"$127,369,049 ",40.20%,2004
504,A Beautiful Mind,"$316,791,257 ","$170,742,341 ",53.90%,"$146,048,916 ",46.10%,2001
505,Beverly Hills Cop,"$316,360,478 ","$234,760,478 ",74.20%,"$81,600,000 ",25.80%,1984
506,Air Force One,"$315,156,409 ","$172,956,409 ",54.90%,"$142,200,000 ",45.10%,1997
507,Wonder,"$315,025,930 ","$132,422,809 ",42%,"$182,603,121 ",58%,2017
508,The Expendables 2,"$314,975,955 ","$85,028,192 ",27%,"$229,947,763 ",73%,2012
509,Chicken Little,"$314,432,837 ","$135,386,665 ",43.10%,"$179,046,172 ",56.90%,2005
510,As Good as It Gets,"$314,178,011 ","$148,478,011 ",47.30%,"$165,700,000 ",52.70%,1997
511,Austin Powers: The Spy Who Shagged Me,"$313,701,294 ","$206,040,086 ",65.70%,"$107,661,208 ",34.30%,1999
512,Knives Out,"$312,897,920 ","$165,363,234 ",52.80%,"$147,534,686 ",47.20%,2019
513,Maze Runner: The Scorch Trials,"$312,296,056 ","$81,697,192 ",26.20%,"$230,598,864 ",73.80%,2015
514,Resident Evil: The Final Chapter,"$312,242,626 ","$26,830,068 ",8.60%,"$285,412,558 ",91.40%,2016
515,The Lego Batman Movie,"$312,136,671 ","$175,936,671 ",56.40%,"$136,200,000 ",43.60%,2017
516,Ocean's Thirteen,"$311,312,624 ","$117,154,724 ",37.60%,"$194,157,900 ",62.40%,2007
517,Little Fockers,"$310,650,585 ","$148,438,600 ",47.80%,"$162,211,985 ",52.20%,2010
518,Bolt,"$309,979,994 ","$114,053,579 ",36.80%,"$195,926,415 ",63.20%,2008
519,Ransom,"$309,492,681 ","$136,492,681 ",44.10%,"$173,000,000 ",55.90%,1996
520,Runaway Bride,"$309,460,292 ","$152,257,509 ",49.20%,"$157,202,783 ",50.80%,1999
521,The Blind Side,"$309,231,694 ","$255,982,860 ",82.80%,"$53,248,834 ",17.20%,2009
522,The Ex-File 3: Return of the Exes,"$307,592,427 ","$838,959 ",0.30%,"$306,753,468 ",99.70%,2017
523,The Fault in Our Stars,"$307,166,834 ","$124,872,350 ",40.60%,"$182,294,484 ",59.40%,2014
524,The Pursuit of Happyness,"$307,127,625 ","$163,566,459 ",53.30%,"$143,561,166 ",46.70%,2006
525,Rise of the Guardians,"$306,941,670 ","$103,412,758 ",33.70%,"$203,528,912 ",66.30%,2012
526,Close Encounters of the Third Kind,"$306,889,114 ","$135,189,114 ",44%,"$171,700,000 ",56%,1977
527,Chicago,"$306,776,732 ","$170,687,518 ",55.60%,"$136,089,214 ",44.40%,2002
528,Annabelle: Creation,"$306,515,884 ","$102,092,201 ",33.30%,"$204,423,683 ",66.70%,2017
529,Bridesmaids,"$306,442,085 ","$169,106,725 ",55.20%,"$137,335,360 ",44.80%,2011
530,Skyscraper,"$304,868,961 ","$68,420,120 ",22.40%,"$236,448,841 ",77.60%,2018
531,A Good Day to Die Hard,"$304,654,182 ","$67,349,198 ",22.10%,"$237,304,984 ",77.90%,2013
532,Mulan,"$304,320,254 ","$120,620,254 ",39.60%,"$183,700,000 ",60.40%,1998
533,Dangal,"$303,723,636 ","$12,391,761 ",4.10%,"$291,331,875 ",95.90%,2016
534,Passengers,"$303,144,152 ","$100,014,699 ",33%,"$203,129,453 ",67%,2016
535,Battleship,"$303,025,485 ","$65,422,625 ",21.60%,"$237,602,860 ",78.40%,2012
536,Liar Liar,"$302,710,615 ","$181,410,615 ",59.90%,"$121,300,000 ",40.10%,1997
537,G.I. Joe: The Rise of Cobra,"$302,469,017 ","$150,201,498 ",49.70%,"$152,267,519 ",50.30%,2009
538,Wrath of the Titans,"$301,970,083 ","$83,670,083 ",27.70%,"$218,300,000 ",72.30%,2012
539,Fantastic Four: Rise of the Silver Surfer,"$301,913,131 ","$131,921,738 ",43.70%,"$169,991,393 ",56.30%,2007
540,Hook,"$300,854,823 ","$119,654,823 ",39.80%,"$181,200,000 ",60.20%,1991
541,Superman,"$300,478,449 ","$134,478,449 ",44.80%,"$166,000,000 ",55.20%,1978
542,Rocky IV,"$300,473,716 ","$127,873,716 ",42.60%,"$172,600,000 ",57.40%,1985
543,Rambo: First Blood Part II,"$300,400,432 ","$150,415,432 ",50.10%,"$149,985,000 ",49.90%,1985
544,Resident Evil: Afterlife,"$300,228,084 ","$60,128,566 ",20%,"$240,099,518 ",80%,2010
545,Van Helsing,"$300,157,638 ","$120,177,084 ",40%,"$179,980,554 ",60%,2004
546,Stuart Little,"$300,135,367 ","$140,035,367 ",46.70%,"$160,100,000 ",53.30%,1999
547,Beverly Hills Cop II,"$299,965,036 ","$153,665,036 ",51.20%,"$146,300,000 ",48.80%,1987
548,Alice Through the Looking Glass,"$299,820,798 ","$77,041,381 ",25.70%,"$222,779,417 ",74.30%,2016
549,My Best Friend's Wedding,"$299,288,605 ","$127,120,029 ",42.50%,"$172,168,576 ",57.50%,1997
550,Real Steel,"$299,268,508 ","$85,468,508 ",28.60%,"$213,800,000 ",71.40%,2011
551,Horton Hears a Who!,"$298,572,799 ","$154,529,439 ",51.80%,"$144,043,360 ",48.20%,2008
552,Ocean's Eight,"$297,795,726 ","$140,295,726 ",47.10%,"$157,500,000 ",52.90%,2018
553,A Quiet Place Part II,"$297,372,261 ","$160,072,261 ",53.80%,"$137,300,000 ",46.20%,2021
554,The Divergent Series: Insurgent,"$297,002,527 ","$130,179,072 ",43.80%,"$166,823,455 ",56.20%,2015
555,Look Who's Talking,"$296,999,813 ","$140,088,813 ",47.20%,"$156,911,000 ",52.80%,1989
556,Austin Powers in Goldmember,"$296,938,801 ","$213,307,889 ",71.80%,"$83,630,912 ",28.20%,2002
557,Ghostbusters,"$296,578,797 ","$243,578,797 ",82.10%,"$53,000,000 ",17.90%,1984
558,Miss Peregrine's Home for Peculiar Children,"$296,482,446 ","$87,242,834 ",29.40%,"$209,239,612 ",70.60%,2016
559,X-Men,"$296,339,528 ","$157,299,718 ",53.10%,"$139,039,810 ",46.90%,2000
560,Ferdinand,"$296,069,199 ","$84,410,380 ",28.50%,"$211,658,819 ",71.50%,2017
561,Shutter Island,"$294,805,697 ","$128,012,934 ",43.40%,"$166,792,763 ",56.60%,2010
562,Doctor Dolittle,"$294,456,605 ","$144,156,605 ",49%,"$150,300,000 ",51%,1998
563,Bee Movie,"$293,514,336 ","$126,631,277 ",43.10%,"$166,883,059 ",56.90%,2007
564,Salt,"$293,503,354 ","$118,311,368 ",40.30%,"$175,191,986 ",59.70%,2010
565,G-Force,"$292,817,898 ","$119,436,770 ",40.80%,"$173,381,128 ",59.20%,2009
566,The Departed,"$291,480,452 ","$132,399,394 ",45.40%,"$159,081,058 ",54.60%,2006
567,What Lies Beneath,"$291,420,351 ","$155,464,351 ",53.40%,"$135,956,000 ",46.60%,2000
568,Pacific Rim: Uprising,"$290,930,148 ","$59,874,525 ",20.60%,"$231,055,623 ",79.40%,2018
569,The Bourne Supremacy,"$290,835,269 ","$176,241,941 ",60.60%,"$114,593,328 ",39.40%,2004
570,Sex and the City 2,"$290,745,055 ","$95,347,692 ",32.80%,"$195,397,363 ",67.20%,2010
571,Shakespeare in Love,"$289,317,794 ","$100,317,794 ",34.70%,"$189,000,000 ",65.30%,1998
572,Divergent,"$288,885,818 ","$150,947,895 ",52.20%,"$137,937,923 ",47.80%,2014
573,Coming to America,"$288,752,301 ","$128,152,301 ",44.40%,"$160,600,000 ",55.60%,1988
574,Elvis,"$288,670,284 ","$151,040,048 ",52.30%,"$137,630,236 ",47.70%,2022
575,Wedding Crashers,"$288,485,135 ","$209,273,411 ",72.50%,"$79,211,724 ",27.50%,2005
576,Maze Runner: The Death Cure,"$288,175,335 ","$58,032,443 ",20.10%,"$230,142,892 ",79.90%,2018
577,Casper,"$287,928,194 ","$100,328,194 ",34.80%,"$187,600,000 ",65.20%,1995
578,American Pie 2,"$287,553,595 ","$145,103,595 ",50.50%,"$142,450,000 ",49.50%,2001
579,Pitch Perfect 2,"$287,144,079 ","$184,296,230 ",64.20%,"$102,847,849 ",35.80%,2015
580,The Green Mile,"$286,801,374 ","$136,801,374 ",47.70%,"$150,000,000 ",52.30%,1999
581,Oblivion,"$286,168,572 ","$89,107,235 ",31.10%,"$197,061,337 ",68.90%,2013
582,Elysium,"$286,140,700 ","$93,050,117 ",32.50%,"$193,090,583 ",67.50%,2013
583,Lethal Weapon 4,"$285,444,603 ","$130,444,603 ",45.70%,"$155,000,000 ",54.30%,1998
584,John Carter,"$284,139,100 ","$73,078,100 ",25.70%,"$211,061,000 ",74.30%,2012
585,Turbo,"$282,570,682 ","$83,028,128 ",29.40%,"$199,542,554 ",70.60%,2013
586,Paddington,"$282,438,834 ","$76,271,832 ",27%,"$206,167,002 ",73%,2014
587,The Tourist,"$278,780,441 ","$67,631,157 ",24.30%,"$211,149,284 ",75.70%,2010
588,Split,"$278,454,417 ","$138,291,365 ",49.70%,"$140,163,052 ",50.30%,2017
589,Scary Movie,"$278,019,771 ","$157,019,771 ",56.50%,"$121,000,000 ",43.50%,2000
590,xXx,"$277,448,382 ","$142,109,382 ",51.20%,"$135,339,000 ",48.80%,2002
591,The Bourne Legacy,"$276,144,750 ","$113,203,870 ",41%,"$162,940,880 ",59%,2012
592,Mr. Peabody & Sherman,"$275,698,039 ","$111,506,430 ",40.40%,"$164,191,609 ",59.60%,2014
593,Scooby-Doo,"$275,678,613 ","$153,322,074 ",55.60%,"$122,356,539 ",44.40%,2002
594,Lincoln,"$275,293,450 ","$182,207,973 ",66.20%,"$93,085,477 ",33.80%,2012
595,Creed III,"$275,248,615 ","$156,248,615 ",56.80%,"$119,000,000 ",43.20%,2023
596,Lara Croft: Tomb Raider,"$274,703,340 ","$131,168,070 ",47.80%,"$143,535,270 ",52.20%,2001
597,Tomb Raider,"$274,650,803 ","$58,250,803 ",21.20%,"$216,400,000 ",78.80%,2018
598,The Expendables,"$274,470,394 ","$103,068,524 ",37.60%,"$171,401,870 ",62.40%,2010
599,Cloudy with a Chance of Meatballs 2,"$274,325,949 ","$119,793,567 ",43.70%,"$154,532,382 ",56.30%,2013
600,The Nutty Professor,"$273,961,019 ","$128,814,019 ",47%,"$145,147,000 ",53%,1996
601,Jerry Maguire,"$273,552,592 ","$153,952,592 ",56.30%,"$119,600,000 ",43.70%,1996
602,Bad Boys II,"$273,339,556 ","$138,608,444 ",50.70%,"$134,731,112 ",49.30%,2003
603,Lilo & Stitch,"$273,144,151 ","$145,794,338 ",53.40%,"$127,349,813 ",46.60%,2002
604,The Silence of the Lambs,"$272,742,922 ","$130,742,922 ",47.90%,"$142,000,000 ",52.10%,1991
605,Grown Ups,"$271,457,301 ","$162,001,186 ",59.70%,"$109,456,115 ",40.30%,2010
606,Neighbors,"$270,665,134 ","$150,157,400 ",55.50%,"$120,507,734 ",44.50%,2014
607,The Firm,"$270,248,367 ","$158,348,367 ",58.60%,"$111,900,000 ",41.40%,1993
608,We're the Millers,"$269,994,119 ","$150,394,119 ",55.70%,"$119,600,000 ",44.30%,2012
609,Gran Torino,"$269,958,228 ","$148,095,302 ",54.90%,"$121,862,926 ",45.10%,2008
610,"10,000 BC","$269,784,201 ","$94,784,201 ",35.10%,"$175,000,000 ",64.90%,2008
611,American Gangster,"$269,755,430 ","$130,164,645 ",48.20%,"$139,590,785 ",51.80%,2007
612,The Flash,"$268,533,313 ","$108,133,313 ",40.30%,"$160,400,000 ",59.70%,2023
613,Epic,"$268,426,634 ","$107,518,682 ",40.10%,"$160,907,952 ",59.90%,2013
614,Exodus: Gods and Kings,"$268,175,631 ","$65,014,513 ",24.20%,"$203,161,118 ",75.80%,2014
615,Blade Runner 2049,"$267,770,708 ","$92,071,675 ",34.40%,"$175,699,033 ",65.60%,2017
616,Bambi,"$267,447,150 ","$102,247,150 ",38.20%,"$165,200,000 ",61.80%,1942
617,The Princess and the Frog,"$267,045,765 ","$104,400,899 ",39.10%,"$162,644,866 ",60.90%,2009
618,Batman Returns,"$266,915,287 ","$162,924,631 ",61%,"$103,990,656 ",39%,1992
619,Indecent Proposal,"$266,614,059 ","$106,614,059 ",40%,"$160,000,000 ",60%,1993
620,Something's Gotta Give,"$265,328,738 ","$124,728,738 ",47%,"$140,600,000 ",53%,2003
621,Bridget Jones: The Edge of Reason,"$265,126,918 ","$40,226,215 ",15.20%,"$224,900,703 ",84.80%,2004
622,The Incredible Hulk,"$264,770,996 ","$134,806,913 ",50.90%,"$129,964,083 ",49.10%,2008
623,Waterworld,"$264,218,220 ","$88,246,220 ",33.40%,"$175,972,000 ",66.60%,1995
624,The Truman Show,"$264,118,712 ","$125,618,201 ",47.60%,"$138,500,511 ",52.40%,1998
625,Charlie's Angels,"$264,105,545 ","$125,305,545 ",47.40%,"$138,800,000 ",52.60%,2000
626,The Fifth Element,"$263,920,180 ","$63,820,180 ",24.20%,"$200,100,000 ",75.80%,1997
627,Jumanji,"$262,821,940 ","$100,499,940 ",38.20%,"$162,322,000 ",61.80%,1995
628,Parasite,"$262,681,282 ","$53,369,749 ",20.30%,"$209,311,533 ",79.70%,2019
629,Borat,"$262,552,893 ","$128,505,958 ",48.90%,"$134,046,935 ",51.10%,2006
630,Robots,"$262,511,490 ","$128,200,012 ",48.80%,"$134,311,478 ",51.20%,2005
631,Knight and Day,"$261,989,769 ","$76,423,035 ",29.20%,"$185,566,734 ",70.80%,2008
632,Total Recall,"$261,317,921 ","$119,412,921 ",45.70%,"$141,905,000 ",54.30%,1990
633,This Is It,"$261,183,588 ","$72,091,016 ",27.60%,"$189,092,572 ",72.40%,2009
634,Terminator: Dark Fate,"$261,119,292 ","$62,253,077 ",23.80%,"$198,866,215 ",76.20%,2019
635,The Lone Ranger,"$260,502,115 ","$89,302,115 ",34.30%,"$171,200,000 ",65.70%,2013
636,Super 8,"$260,095,986 ","$127,004,179 ",48.80%,"$133,091,807 ",51.20%,2011
637,Halloween,"$259,939,835 ","$159,342,015 ",61.30%,"$100,597,820 ",38.70%,2018
638,Mojin: The Lost Legend,"$259,368,448 ","$1,243,810 ",0.50%,"$258,124,638 ",99.50%,2015
639,Charlie's Angels: Full Throttle,"$259,175,788 ","$100,830,111 ",38.90%,"$158,345,677 ",61.10%,2003
640,Rush Hour 3,"$258,097,122 ","$140,125,968 ",54.30%,"$117,971,154 ",45.70%,2007
641,The Full Monty,"$257,938,649 ","$45,950,122 ",17.80%,"$211,988,527 ",82.20%,1997
642,Kung Fu Yoga,"$257,753,889 ","$362,657 ",0.10%,"$257,391,232 ",99.90%,2017
643,Annabelle,"$257,589,721 ","$84,284,252 ",32.70%,"$173,305,469 ",67.30%,2014
644,Encanto,"$256,786,742 ","$96,093,622 ",37.40%,"$160,693,120 ",62.60%,2021
645,The Village,"$256,697,520 ","$114,197,520 ",44.50%,"$142,500,000 ",55.50%,2003
646,Lost in Hong Kong,"$256,283,912 ","$1,302,281 ",0.50%,"$254,981,631 ",99.50%,2015
647,Erin Brockovich,"$256,271,286 ","$125,595,205 ",49%,"$130,676,081 ",51%,2000
648,Us,"$256,067,149 ","$175,084,580 ",68.40%,"$80,982,569 ",31.60%,2019
649,Pegasus,"$255,863,112 ",-,-,"$255,863,112 ",100%,2019
650,Get Out,"$255,745,157 ","$176,196,665 ",68.90%,"$79,548,492 ",31.10%,2016
651,Marley & Me,"$255,743,093 ","$143,153,751 ",56%,"$112,589,342 ",44%,2008
652,Cliffhanger,"$255,000,211 ","$84,049,211 ",33%,"$170,951,000 ",67%,1993
653,Baahubali 2: The Conclusion,"$254,158,390 ","$20,186,659 ",7.90%,"$233,971,731 ",92.10%,2017
654,Babe,"$254,134,910 ","$63,658,910 ",25%,"$190,476,000 ",75%,1995
655,Men in Black: International,"$253,890,701 ","$80,001,807 ",31.50%,"$173,888,894 ",68.50%,2019
656,Wild Hogs,"$253,625,427 ","$168,273,550 ",66.40%,"$85,351,877 ",33.60%,2007
657,High School Musical 3: Senior Year,"$252,909,177 ","$90,559,416 ",35.80%,"$162,349,761 ",64.20%,2008
658,Hercules,"$252,712,101 ","$99,112,101 ",39.20%,"$153,600,000 ",60.80%,1997
659,Dark Phoenix,"$252,442,974 ","$65,845,974 ",26.10%,"$186,597,000 ",73.90%,2019
660,True Grit,"$252,276,927 ","$171,243,005 ",67.90%,"$81,033,922 ",32.10%,2010
661,Dolittle,"$251,410,631 ","$77,047,065 ",30.60%,"$174,363,566 ",69.40%,2020
662,Bean,"$251,212,670 ","$45,319,423 ",18%,"$205,893,247 ",82%,1997
663,American Hustle,"$251,171,807 ","$150,117,807 ",59.80%,"$101,054,000 ",40.20%,2013
664,Enemy of the State,"$250,849,789 ","$111,549,836 ",44.50%,"$139,299,953 ",55.50%,1998
665,You've Got Mail,"$250,821,495 ","$115,821,495 ",46.20%,"$135,000,000 ",53.80%,1998
666,Eragon,"$250,425,512 ","$75,030,163 ",30%,"$175,395,349 ",70%,2006
667,Brother Bear,"$250,397,798 ","$85,336,277 ",34.10%,"$165,061,521 ",65.90%,2003
668,The Godfather,"$250,341,816 ","$136,381,073 ",54.50%,"$113,960,743 ",45.50%,1972
669,The Mask of Zorro,"$250,288,523 ","$94,095,523 ",37.60%,"$156,193,000 ",62.40%,1998
670,The Bad Guys,"$250,162,278 ","$97,233,630 ",38.90%,"$152,928,648 ",61.10%,2022
671,The Ring,"$249,348,933 ","$129,128,133 ",51.80%,"$120,220,800 ",48.20%,2002
672,The Blair Witch Project,"$248,639,099 ","$140,539,099 ",56.50%,"$108,100,000 ",43.50%,1999
673,Unbreakable,"$248,118,121 ","$95,011,339 ",38.30%,"$153,106,782 ",61.70%,2000
674,Love Actually,"$247,933,248 ","$59,696,144 ",24.10%,"$188,237,104 ",75.90%,2003
675,Journey to the West: The Demons Strike Back,"$247,585,244 ","$880,346 ",0.40%,"$246,704,898 ",99.60%,2017
676,Dumb and Dumber,"$247,290,327 ","$127,190,327 ",51.40%,"$120,100,000 ",48.60%,1994
677,Glass,"$246,999,039 ","$111,048,468 ",45%,"$135,950,571 ",55%,2019
678,Grown Ups 2,"$246,984,278 ","$133,668,525 ",54.10%,"$113,315,753 ",45.90%,2013
679,The Peanuts Movie,"$246,233,113 ","$130,178,411 ",52.90%,"$116,054,702 ",47.10%,2015
680,Rango,"$245,724,603 ","$123,477,607 ",50.20%,"$122,246,996 ",49.80%,2011
681,Four Weddings and a Funeral,"$245,700,832 ","$52,700,832 ",21.40%,"$193,000,000 ",78.60%,1994
682,Face/Off,"$245,676,146 ","$112,276,146 ",45.70%,"$133,400,000 ",54.30%,1997
683,Teenage Mutant Ninja Turtles: Out of the Shadows,"$245,623,848 ","$82,051,601 ",33.40%,"$163,572,247 ",66.60%,2016
684,Dark Shadows,"$245,527,149 ","$79,727,149 ",32.50%,"$165,800,000 ",67.50%,2012
685,Hulk,"$245,285,165 ","$132,177,234 ",53.90%,"$113,107,931 ",46.10%,2003
686,The Bravest,"$245,179,562 ","$290,217 ",0.10%,"$244,889,345 ",99.90%,2019
687,Welcome to the Sticks,"$245,144,417 ",-,-,"$245,144,417 ",100%,2008
688,Back to the Future Part III,"$245,077,583 ","$88,277,583 ",36%,"$156,800,000 ",64%,1990
689,Pixels,"$244,874,809 ","$78,747,585 ",32.20%,"$166,127,224 ",67.80%,2015
690,Hercules,"$244,819,862 ","$72,688,614 ",29.70%,"$172,131,248 ",70.30%,2014
691,Rush Hour,"$244,721,064 ","$141,186,864 ",57.70%,"$103,534,200 ",42.30%,1998
692,Journey to the Center of the Earth,"$244,232,688 ","$101,704,370 ",41.60%,"$142,528,318 ",58.40%,2008
693,After Earth,"$243,611,982 ","$60,522,097 ",24.80%,"$183,089,885 ",75.20%,2013
694,A Few Good Men,"$243,240,178 ","$141,340,178 ",58.10%,"$101,900,000 ",41.90%,1992
695,Cloudy with a Chance of Meatballs,"$243,006,126 ","$124,870,275 ",51.40%,"$118,135,851 ",48.60%,2009
696,8 Mile,"$242,875,078 ","$116,750,901 ",48.10%,"$126,124,177 ",51.90%,2002
697,Daddy's Home,"$242,786,137 ","$150,357,137 ",61.90%,"$92,429,000 ",38.10%,2015
698,RoboCop,"$242,688,965 ","$58,607,007 ",24.20%,"$184,081,958 ",75.80%,2014
699,Eraser,"$242,295,562 ","$101,295,562 ",41.80%,"$141,000,000 ",58.20%,1996
700,Alien: Covenant,"$240,891,763 ","$74,262,031 ",30.80%,"$166,629,732 ",69.20%,2017
701,Sully,"$240,797,623 ","$125,070,033 ",51.90%,"$115,727,590 ",48.10%,2016
702,Assassin's Creed,"$240,697,856 ","$54,647,948 ",22.70%,"$186,049,908 ",77.30%,2016
703,Click,"$240,685,326 ","$137,355,633 ",57.10%,"$103,329,693 ",42.90%,2006
704,Legend of Deification,"$240,646,355 ","$214,670 ",<0.1%,"$240,431,685 ",99.90%,2020
705,Planes,"$240,171,783 ","$90,288,712 ",37.60%,"$149,883,071 ",62.40%,2013
706,Resident Evil: Retribution,"$240,159,255 ","$42,345,531 ",17.60%,"$197,813,724 ",82.40%,2012
707,Die Hard 2,"$240,031,274 ","$117,540,947 ",49%,"$122,490,327 ",51%,1990
708,Crocodile Dundee II,"$239,606,210 ","$109,306,210 ",45.60%,"$130,300,000 ",54.40%,1988
709,Bullet Train,"$239,268,602 ","$103,368,602 ",43.20%,"$135,900,000 ",56.80%,2022
710,Crazy Rich Asians,"$238,843,729 ","$174,837,452 ",73.20%,"$64,006,277 ",26.80%,2018
711,Batman & Robin,"$238,235,719 ","$107,353,792 ",45.10%,"$130,881,927 ",54.90%,1997
712,Howl's Moving Castle,"$237,536,126 ","$6,789,268 ",2.90%,"$230,746,858 ",97.10%,2004
713,Gulliver's Travels,"$237,382,724 ","$42,779,261 ",18%,"$194,603,463 ",82%,2010
714,Gone in 60 Seconds,"$237,202,299 ","$101,648,571 ",42.80%,"$135,553,728 ",57.20%,2000
715,Saturday Night Fever,"$237,113,184 ","$94,213,184 ",39.70%,"$142,900,000 ",60.30%,1977
716,Silver Linings Playbook,"$236,412,453 ","$132,092,958 ",55.90%,"$104,319,495 ",44.10%,2012
717,2 Fast 2 Furious,"$236,350,661 ","$127,154,901 ",53.80%,"$109,195,760 ",46.20%,2003
718,Hidden Figures,"$235,956,898 ","$169,607,287 ",71.90%,"$66,349,611 ",28.10%,2016
719,A.I. Artificial Intelligence,"$235,926,552 ","$78,616,689 ",33.30%,"$157,309,863 ",66.70%,2001
720,Dead Poets Society,"$235,860,116 ","$95,860,116 ",40.60%,"$140,000,000 ",59.40%,1989
721,Spy,"$235,666,219 ","$110,825,712 ",47%,"$124,840,507 ",53%,2015
722,American Pie,"$235,483,004 ","$102,561,004 ",43.60%,"$132,922,000 ",56.40%,1999
723,American Reunion,"$234,989,584 ","$57,011,521 ",24.30%,"$177,978,063 ",75.70%,2012
724,Big Daddy,"$234,801,895 ","$163,479,795 ",69.60%,"$71,322,100 ",30.40%,1999
725,Alvin and the Chipmunks: The Road Chip,"$234,798,636 ","$85,886,987 ",36.60%,"$148,911,649 ",63.40%,2015
726,The Imitation Game,"$233,555,708 ","$91,125,683 ",39%,"$142,430,025 ",61%,2014
727,Cruella,"$233,503,234 ","$86,103,234 ",36.90%,"$147,400,000 ",63.10%,2021
728,The Day the Earth Stood Still,"$233,093,859 ","$79,366,978 ",34%,"$153,726,881 ",66%,2008
729,American Wedding,"$232,722,935 ","$104,565,114 ",44.90%,"$128,157,821 ",55.10%,2003
730,The Girl with the Dragon Tattoo,"$232,617,430 ","$102,515,793 ",44.10%,"$130,101,637 ",55.90%,2011
731,Juno,"$232,372,681 ","$143,495,265 ",61.80%,"$88,877,416 ",38.20%,2007
732,Argo,"$232,325,503 ","$136,025,503 ",58.60%,"$96,300,000 ",41.40%,2012
733,Mr. Bean's Holiday,"$232,225,908 ","$33,302,167 ",14.30%,"$198,923,741 ",85.70%,2007
734,The English Patient,"$231,976,425 ","$78,676,425 ",33.90%,"$153,300,000 ",66.10%,1996
735,Sister Act,"$231,605,150 ","$139,605,150 ",60.30%,"$92,000,000 ",39.70%,1992
736,Annabelle Comes Home,"$231,252,591 ","$74,152,591 ",32.10%,"$157,100,000 ",67.90%,2019
737,Constantine,"$230,884,728 ","$75,976,178 ",32.90%,"$154,908,550 ",67.10%,2005
738,Get Smart,"$230,685,453 ","$130,319,208 ",56.50%,"$100,366,245 ",43.50%,2008
739,Space Jam,"$230,594,962 ","$90,594,962 ",39.30%,"$140,000,000 ",60.70%,1996
740,Life Is Beautiful,"$230,099,013 ","$57,563,264 ",25%,"$172,535,749 ",75%,1998
741,The Heat,"$229,930,771 ","$159,582,188 ",69.40%,"$70,348,583 ",30.60%,2013
742,Ghostbusters,"$229,147,509 ","$128,350,574 ",56%,"$100,796,935 ",44%,2016
743,Ghost Rider,"$228,738,393 ","$115,802,596 ",50.60%,"$112,935,797 ",49.40%,2007
744,Goodbye Mr. Loser,"$228,122,928 ","$1,293,626 ",0.60%,"$226,829,302 ",99.40%,2015
745,Paddington 2,"$227,994,792 ","$40,907,738 ",17.90%,"$187,087,054 ",82.10%,2017
746,Sleepless in Seattle,"$227,927,165 ","$126,808,165 ",55.60%,"$101,119,000 ",44.40%,1993
747,Lethal Weapon 2,"$227,853,986 ","$147,253,986 ",64.60%,"$80,600,000 ",35.40%,1989
748,The Green Hornet,"$227,817,248 ","$98,780,042 ",43.40%,"$129,037,206 ",56.60%,2011
749,Out of Africa,"$227,514,205 ","$87,071,205 ",38.30%,"$140,443,000 ",61.70%,1985
750,Elf,"$227,356,156 ","$178,053,220 ",78.30%,"$49,302,936 ",21.70%,2003
751,Youth,"$227,091,290 ","$1,891,956 ",0.80%,"$225,199,334 ",99.20%,2017
752,Baby Driver,"$226,945,087 ","$107,825,862 ",47.50%,"$119,119,225 ",52.50%,2017
753,Immortals,"$226,904,017 ","$83,504,017 ",36.80%,"$143,400,000 ",63.20%,2011
754,Taken,"$226,837,760 ","$145,000,989 ",63.90%,"$81,836,771 ",36.10%,2008
755,Percy Jackson & the Olympians: The Lightning Thief,"$226,497,209 ","$88,768,303 ",39.20%,"$137,728,906 ",60.80%,2010
756,Lightyear,"$226,425,420 ","$118,307,188 ",52.20%,"$108,118,232 ",47.80%,2022
757,Hansel & Gretel: Witch Hunters,"$226,349,749 ","$55,703,475 ",24.60%,"$170,646,274 ",75.40%,2013
758,Valerian and the City of a Thousand Planets,"$225,973,340 ","$41,189,488 ",18.20%,"$184,783,852 ",81.80%,2017
759,Good Will Hunting,"$225,933,435 ","$138,433,435 ",61.30%,"$87,500,000 ",38.70%,1997
760,Better Days,"$225,918,798 ","$1,921,657 ",0.80%,"$223,997,141 ",99.20%,2019
761,Ford v Ferrari,"$225,508,210 ","$117,624,357 ",52.20%,"$107,883,853 ",47.80%,2019
762,Jumper,"$225,132,113 ","$80,172,128 ",35.60%,"$144,959,985 ",64.40%,2008
763,The Social Network,"$224,920,375 ","$96,962,694 ",43.10%,"$127,957,681 ",56.90%,2010
764,Chicken Run,"$224,874,960 ","$106,834,564 ",47.50%,"$118,040,396 ",52.50%,2000
765,Con Air,"$224,012,234 ","$101,117,573 ",45.10%,"$122,894,661 ",54.90%,1997
766,Interview with the Vampire: The Vampire Chronicles,"$223,664,608 ","$105,264,608 ",47.10%,"$118,400,000 ",52.90%,1994
767,Flightplan,"$223,387,299 ","$89,707,299 ",40.20%,"$133,680,000 ",59.80%,2005
768,Yes Man,"$223,241,637 ","$97,690,976 ",43.80%,"$125,550,661 ",56.20%,2008
769,Non-Stop,"$222,809,600 ","$92,168,600 ",41.40%,"$130,641,000 ",58.60%,2014
770,"Honey, I Shrunk the Kids","$222,724,172 ","$130,724,172 ",58.70%,"$92,000,000 ",41.30%,1989
771,Fahrenheit 9/11,"$222,446,882 ","$119,194,771 ",53.60%,"$103,252,111 ",46.40%,2004
772,Wild Wild West,"$222,104,681 ","$113,804,681 ",51.20%,"$108,300,000 ",48.80%,1999
773,"My Country, My Parents","$221,831,086 ","$177,133 ",<0.1%,"$221,653,953 ",99.90%,2021
774,Geostorm,"$221,600,160 ","$33,700,160 ",15.20%,"$187,900,000 ",84.80%,2017
775,Presumed Innocent,"$221,303,188 ","$86,303,188 ",39%,"$135,000,000 ",61%,1990
776,Jungle Cruise,"$220,889,446 ","$116,987,516 ",53%,"$103,901,930 ",47%,2021
777,Scary Movie 3,"$220,673,217 ","$110,003,217 ",49.80%,"$110,670,000 ",50.20%,2003
778,Collateral,"$220,239,925 ","$101,005,703 ",45.90%,"$119,234,222 ",54.10%,2004
779,Inferno,"$220,021,259 ","$34,343,574 ",15.60%,"$185,677,685 ",84.40%,2016
780,Knocked Up,"$219,922,417 ","$148,768,917 ",67.60%,"$71,153,500 ",32.40%,2007
781,Green Lantern,"$219,851,172 ","$116,601,172 ",53%,"$103,250,000 ",47%,2011
782,What Happens in Vegas,"$219,375,562 ","$80,277,646 ",36.60%,"$139,097,916 ",63.40%,2008
783,It's Complicated,"$219,103,655 ","$112,735,375 ",51.40%,"$106,368,280 ",48.60%,2009
784,The Terminal,"$219,100,084 ","$77,872,883 ",35.50%,"$141,227,201 ",64.50%,2004
785,Little Women,"$218,843,645 ","$108,101,214 ",49.40%,"$110,742,431 ",50.60%,2019
786,Captain Phillips,"$218,791,811 ","$107,100,855 ",49%,"$111,690,956 ",51%,2013
787,The Prince of Egypt,"$218,613,188 ","$101,413,188 ",46.40%,"$117,200,000 ",53.60%,1998
788,Jack Reacher,"$218,340,595 ","$80,070,736 ",36.70%,"$138,269,859 ",63.30%,2012
789,Kingdom of Heaven,"$218,122,627 ","$47,398,413 ",21.70%,"$170,724,214 ",78.30%,2005
790,The Emoji Movie,"$217,776,646 ","$86,089,513 ",39.50%,"$131,687,133 ",60.50%,2017
791,Smile,"$217,408,513 ","$105,935,048 ",48.70%,"$111,473,465 ",51.30%,2022
792,Too Cool to Kill,"$217,254,604 ","$185,882 ",<0.1%,"$217,068,722 ",99.90%,2022
793,Dracula Untold,"$217,124,280 ","$56,280,355 ",25.90%,"$160,843,925 ",74.10%,2014
794,Central Intelligence,"$216,972,543 ","$127,440,871 ",58.70%,"$89,531,672 ",41.30%,2016
795,Million Dollar Baby,"$216,763,646 ","$100,492,203 ",46.40%,"$116,271,443 ",53.60%,2004
796,The Help,"$216,639,112 ","$169,708,112 ",78.30%,"$46,931,000 ",21.70%,2011
797,Twins,"$216,614,388 ","$111,938,388 ",51.70%,"$104,676,000 ",48.30%,1988
798,Valentine's Day,"$216,528,528 ","$110,528,528 ",51%,"$106,000,000 ",49%,2010
799,Bad Teacher,"$216,197,492 ","$100,292,856 ",46.40%,"$115,904,636 ",53.60%,2011
800,A Little Red Flower,"$216,000,000 ",-,-,"$216,000,000 ",100%,2020
801,The Croods: A New Age,"$215,905,815 ","$58,568,815 ",27.10%,"$157,337,000 ",72.90%,2020
802,Clear and Present Danger,"$215,887,717 ","$122,187,717 ",56.60%,"$93,700,000 ",43.40%,1994
803,One Hundred and One Dalmatians,"$215,880,014 ","$144,880,014 ",67.10%,"$71,000,000 ",32.90%,1961
804,Ted 2,"$215,863,606 ","$81,476,385 ",37.70%,"$134,387,221 ",62.30%,2015
805,Bram Stoker's Dracula,"$215,862,692 ","$82,522,790 ",38.20%,"$133,339,902 ",61.80%,1992
806,Vertical Limit,"$215,663,859 ","$69,243,859 ",32.10%,"$146,420,000 ",67.90%,2000
807,Ghostbusters II,"$215,394,738 ","$112,494,738 ",52.20%,"$102,900,000 ",47.80%,1989
808,The Patriot,"$215,294,342 ","$113,330,342 ",52.60%,"$101,964,000 ",47.40%,2000
809,The Sorcerer's Apprentice,"$215,283,742 ","$63,150,991 ",29.30%,"$152,132,751 ",70.70%,2010
810,Just Go with It,"$214,945,591 ","$103,028,109 ",47.90%,"$111,917,482 ",52.10%,2011
811,The Expendables 3,"$214,657,577 ","$39,322,544 ",18.30%,"$175,335,033 ",81.70%,2014
812,Dirty Dancing,"$214,577,242 ","$64,577,242 ",30.10%,"$150,000,000 ",69.90%,1987
813,Creed II,"$214,215,889 ","$115,715,889 ",54%,"$98,500,000 ",46%,2018
814,Smallfoot,"$214,115,531 ","$83,315,531 ",38.90%,"$130,800,000 ",61.10%,2018
815,Public Enemies,"$214,104,620 ","$97,104,620 ",45.40%,"$117,000,000 ",54.60%,2009
816,The Bourne Identity,"$214,034,224 ","$121,661,683 ",56.80%,"$92,372,541 ",43.20%,2002
817,Disclosure,"$214,015,089 ","$83,015,089 ",38.80%,"$131,000,000 ",61.20%,1994
818,"Crouching Tiger, Hidden Dragon","$213,977,285 ","$128,530,421 ",60.10%,"$85,446,864 ",39.90%,2000
819,Pulp Fiction,"$213,928,762 ","$107,928,762 ",50.40%,"$106,000,000 ",49.60%,1994
820,The Aviator,"$213,719,942 ","$102,610,330 ",48%,"$111,109,612 ",52%,2004
821,Braveheart,"$213,216,216 ","$75,609,945 ",35.50%,"$137,606,271 ",64.50%,1995
822,Into the Woods,"$212,902,372 ","$128,002,372 ",60.10%,"$84,900,000 ",39.90%,2014
823,Bedtime Stories,"$212,874,864 ","$110,101,975 ",51.70%,"$102,772,889 ",48.30%,2008
824,Miss Congeniality,"$212,742,720 ","$106,807,667 ",50.20%,"$105,935,053 ",49.80%,2000
825,Entrapment,"$212,404,396 ","$87,704,396 ",41.30%,"$124,700,000 ",58.70%,1999
826,Ace Ventura: When Nature Calls,"$212,385,533 ","$108,385,533 ",51%,"$104,000,000 ",49%,1995
827,End of Days,"$211,989,043 ","$66,889,043 ",31.60%,"$145,100,000 ",68.40%,1999
828,Bridget Jones's Baby,"$211,952,420 ","$24,252,420 ",11.40%,"$187,700,000 ",88.60%,2016
829,Fury,"$211,822,697 ","$85,817,906 ",40.50%,"$126,004,791 ",59.50%,2014
830,Battle Los Angeles,"$211,819,354 ","$83,552,429 ",39.40%,"$128,266,925 ",60.60%,2011
831,Australia,"$211,787,511 ","$49,554,002 ",23.40%,"$162,233,509 ",76.60%,2008
832,Due Date,"$211,780,824 ","$100,539,043 ",47.50%,"$111,241,781 ",52.50%,2010
833,Master and Commander: The Far Side of the World,"$211,622,535 ","$93,927,920 ",44.40%,"$117,694,615 ",55.60%,2003
834,A Series of Unfortunate Events,"$211,468,235 ","$118,634,549 ",56.10%,"$92,833,686 ",43.90%,2004
835,The Little Mermaid,"$211,343,479 ","$111,543,479 ",52.80%,"$99,800,000 ",47.20%,1989
836,Nice View,"$211,019,042 ",-,-,"$211,019,042 ",100%,2022
837,District 9,"$210,888,950 ","$115,646,235 ",54.80%,"$95,242,715 ",45.20%,2009
838,Moonraker,"$210,308,099 ","$70,308,099 ",33.40%,"$140,000,000 ",66.60%,1979
839,The Others,"$209,956,210 ","$96,531,860 ",46%,"$113,424,350 ",54%,2001
840,Horrible Bosses,"$209,838,559 ","$117,538,559 ",56%,"$92,300,000 ",44%,2011
841,Us and Them,"$209,221,380 ",-,-,"$209,221,380 ",100%,2018
842,Red Dragon,"$209,196,298 ","$93,149,898 ",44.50%,"$116,046,400 ",55.50%,2002
843,Tomorrowland,"$209,035,668 ","$93,436,322 ",44.70%,"$115,599,346 ",55.30%,2015
844,Me Before You,"$208,314,186 ","$56,245,075 ",27%,"$152,069,111 ",73%,2016
845,Dungeons & Dragons: Honor Among Thieves,"$208,177,026 ","$93,277,026 ",44.80%,"$114,900,000 ",55.20%,2023
846,Safe House,"$208,076,205 ","$126,373,434 ",60.70%,"$81,702,771 ",39.30%,2012
847,S.W.A.T.,"$207,725,639 ","$116,934,650 ",56.30%,"$90,790,989 ",43.70%,2003
848,DC League of Super-Pets,"$207,557,117 ","$93,657,117 ",45.10%,"$113,900,000 ",54.90%,2022
849,The Fast and the Furious,"$207,517,509 ","$144,745,925 ",69.80%,"$62,771,584 ",30.20%,2001
850,Traffic,"$207,515,725 ","$124,115,725 ",59.80%,"$83,400,000 ",40.20%,2000
851,Paranormal Activity 3,"$207,039,844 ","$104,028,807 ",50.20%,"$103,011,037 ",49.80%,2011
852,Philadelphia,"$206,678,440 ","$77,446,440 ",37.50%,"$129,232,000 ",62.50%,1993
853,The Conjuring: The Devil Made Me Do It,"$206,431,050 ","$65,631,050 ",31.80%,"$140,800,000 ",68.20%,2021
854,Sleepy Hollow,"$206,071,502 ","$101,071,502 ",49%,"$105,000,000 ",51%,1999
855,The Holiday,"$205,850,169 ","$63,224,849 ",30.70%,"$142,625,320 ",69.30%,2006
856,The Jungle Book,"$205,843,612 ","$141,843,612 ",68.90%,"$64,000,000 ",31.10%,1967
857,Raging Fire,"$205,842,393 ","$385,305 ",0.20%,"$205,457,088 ",99.80%,2021
858,London Has Fallen,"$205,754,447 ","$62,524,260 ",30.40%,"$143,230,187 ",69.60%,2016
859,The Break-Up,"$205,668,210 ","$118,703,275 ",57.70%,"$86,964,935 ",42.30%,2006
860,Journey to the West,"$205,637,183 ","$18,058 ",<0.1%,"$205,619,125 ",100%,2013
861,The Ugly Truth,"$205,599,393 ","$88,915,214 ",43.20%,"$116,684,179 ",56.80%,2009
862,JFK,"$205,405,498 ","$70,405,498 ",34.30%,"$135,000,000 ",65.70%,1991
863,Birds of Prey,"$205,372,791 ","$84,172,791 ",41%,"$121,200,000 ",59%,2020
864,White House Down,"$205,366,737 ","$73,103,784 ",35.60%,"$132,262,953 ",64.40%,2013
865,A Dog's Purpose,"$205,035,819 ","$64,508,620 ",31.50%,"$140,527,199 ",68.50%,2017
866,Ponyo,"$204,920,882 ","$15,743,471 ",7.70%,"$189,177,411 ",92.30%,2008
867,Fun with Dick and Jane,"$204,681,899 ","$110,332,737 ",53.90%,"$94,349,162 ",46.10%,2005
868,Eat Pray Love,"$204,594,016 ","$80,574,010 ",39.40%,"$124,020,006 ",60.60%,2010
869,The Addams Family,"$204,394,183 ","$100,723,831 ",49.30%,"$103,670,352 ",50.70%,2019
870,Ghostbusters: Afterlife,"$204,334,455 ","$129,360,575 ",63.30%,"$74,973,880 ",36.70%,2021
871,You Don't Mess with the Zohan,"$204,313,400 ","$100,018,837 ",49%,"$104,294,563 ",51%,2008
872,Hairspray,"$203,627,753 ","$118,946,291 ",58.40%,"$84,681,462 ",41.60%,2007
873,King Arthur,"$203,567,857 ","$51,882,244 ",25.50%,"$151,685,613 ",74.50%,2004
874,Yogi Bear,"$203,509,374 ","$100,246,011 ",49.30%,"$103,263,363 ",50.70%,2010
875,Everest,"$203,427,584 ","$43,482,270 ",21.40%,"$159,945,314 ",78.60%,2015
876,Vanilla Sky,"$203,388,341 ","$100,618,344 ",49.50%,"$102,769,997 ",50.50%,2001
877,Arrival,"$203,388,186 ","$100,546,139 ",49.40%,"$102,842,047 ",50.60%,2016
878,Need for Speed,"$203,277,636 ","$43,577,636 ",21.40%,"$159,700,000 ",78.60%,2014
879,Garfield,"$203,172,417 ","$75,369,589 ",37.10%,"$127,802,828 ",62.90%,2004
880,Patch Adams,"$202,292,902 ","$135,026,902 ",66.80%,"$67,266,000 ",33.20%,1998
881,Teenage Mutant Ninja Turtles,"$202,084,756 ","$135,384,756 ",67%,"$66,700,000 ",33%,1990
882,Kindergarten Cop,"$201,957,688 ","$91,457,688 ",45.30%,"$110,500,000 ",54.70%,1990
883,Straight Outta Compton,"$201,634,991 ","$161,197,785 ",80%,"$40,437,206 ",20%,2015
884,21 Jump Street,"$201,585,328 ","$138,447,667 ",68.70%,"$63,137,661 ",31.30%,2012
885,Valkyrie,"$201,545,517 ","$83,077,833 ",41.20%,"$118,467,684 ",58.80%,2008
886,Open Season,"$200,811,689 ","$85,105,259 ",42.40%,"$115,706,430 ",57.60%,2006
887,Cats & Dogs,"$200,687,492 ","$93,385,515 ",46.50%,"$107,301,977 ",53.50%,2001
888,The Hunt for Red October,"$200,512,643 ","$122,012,643 ",60.80%,"$78,500,000 ",39.20%,1990
889,Percy Jackson: Sea of Monsters,"$199,850,315 ","$68,559,554 ",34.30%,"$131,290,761 ",65.70%,2013
890,The Lego Movie 2: The Second Part,"$199,603,202 ","$105,956,290 ",53.10%,"$93,646,912 ",46.90%,2019
891,Two Weeks Notice,"$199,043,471 ","$93,354,851 ",46.90%,"$105,688,620 ",53.10%,2002
892,RED,"$199,006,387 ","$90,380,162 ",45.40%,"$108,626,225 ",54.60%,2010
893,Shock Wave 2,"$198,921,659 ",-,-,"$198,921,659 ",100%,2020
894,City of Angels,"$198,685,114 ","$78,685,114 ",39.60%,"$120,000,000 ",60.40%,1998
895,The Pacifier,"$198,636,868 ","$113,086,868 ",56.90%,"$85,550,000 ",43.10%,2005
896,50 First Dates,"$198,520,934 ","$120,908,074 ",60.90%,"$77,612,860 ",39.10%,2004
897,Total Recall,"$198,467,168 ","$58,877,969 ",29.70%,"$139,589,199 ",70.30%,2012
898,The Island,"$198,326,350 ","$670,883 ",0.30%,"$197,655,467 ",99.70%,2018
899,The Impossible,"$198,087,212 ","$19,019,882 ",9.60%,"$179,067,330 ",90.40%,2012
900,Lost in Thailand,"$197,757,387 ","$57,387 ",<0.1%,"$197,700,000 ",100%,2012
901,Christopher Robin,"$197,744,377 ","$99,215,042 ",50.20%,"$98,529,335 ",49.80%,2018
902,Jack the Giant Slayer,"$197,687,603 ","$65,187,603 ",33%,"$132,500,000 ",67%,2013
903,Smurfs: The Lost Village,"$197,183,546 ","$45,020,282 ",22.80%,"$152,163,264 ",77.20%,2017
904,Chinese Doctors,"$197,143,218 ",-,-,"$197,143,218 ",100%,2021
905,Spy Kids 3: Game Over,"$197,101,678 ","$111,761,982 ",56.70%,"$85,339,696 ",43.30%,2003
906,Panic Room,"$197,079,546 ","$96,397,334 ",48.90%,"$100,682,212 ",51.10%,2002
907,The Other Woman,"$196,710,396 ","$83,911,193 ",42.70%,"$112,799,203 ",57.30%,2014
908,Stargate,"$196,567,262 ","$71,567,262 ",36.40%,"$125,000,000 ",63.60%,1994
909,Beowulf,"$196,393,745 ","$82,280,579 ",41.90%,"$114,113,166 ",58.10%,2007
910,The Vow,"$196,114,570 ","$125,014,030 ",63.80%,"$71,100,540 ",36.20%,2012
911,Anger Management,"$195,745,823 ","$135,645,823 ",69.30%,"$60,100,000 ",30.70%,2003
912,Tropic Thunder,"$195,702,963 ","$110,515,313 ",56.50%,"$85,187,650 ",43.50%,2008
913,Rocketman,"$195,320,400 ","$96,368,160 ",49.30%,"$98,952,240 ",50.70%,2019
914,The Pelican Brief,"$195,268,056 ","$100,768,056 ",51.60%,"$94,500,000 ",48.40%,1993
915,The Shape of Water,"$195,243,464 ","$63,859,435 ",32.70%,"$131,384,029 ",67.30%,2017
916,The BFG,"$195,243,411 ","$55,483,770 ",28.40%,"$139,759,641 ",71.60%,2016
917,Downton Abbey,"$194,694,725 ","$96,853,865 ",49.80%,"$97,840,860 ",50.20%,2019
918,The Intern,"$194,564,672 ","$75,764,672 ",38.90%,"$118,800,000 ",61.10%,2015
919,Wallace & Gromit: The Curse of the Were-Rabbit,"$194,137,403 ","$56,110,897 ",28.90%,"$138,026,506 ",71.10%,2005
920,Gnomeo & Juliet,"$193,967,670 ","$99,967,670 ",51.50%,"$94,000,000 ",48.50%,2011
921,The Sum of All Fears,"$193,921,372 ","$118,907,036 ",61.30%,"$75,014,336 ",38.70%,2002
922,Gangs of New York,"$193,772,504 ","$77,812,000 ",40.20%,"$115,960,504 ",59.80%,2002
923,The Post,"$193,764,664 ","$81,903,458 ",42.30%,"$111,861,206 ",57.70%,2017
924,The Monkey King 2,"$193,678,298 ","$709,982 ",0.40%,"$192,968,316 ",99.60%,2016
925,Paranormal Activity,"$193,355,800 ","$107,918,810 ",55.80%,"$85,436,990 ",44.20%,2009
926,Weathering with You,"$193,136,313 ","$8,056,636 ",4.20%,"$185,079,677 ",95.80%,2019
927,The Lost City,"$192,907,684 ","$105,344,029 ",54.60%,"$87,563,655 ",45.40%,2022
928,The Equalizer,"$192,330,738 ","$101,530,738 ",52.80%,"$90,800,000 ",47.20%,2014
929,Sheep Without a Shepherd,"$191,602,146 ",-,-,"$191,602,146 ",100%,2019
930,The Addams Family,"$191,502,426 ","$113,502,426 ",59.30%,"$78,000,000 ",40.70%,1991
931,The Longest Yard,"$191,466,556 ","$158,119,460 ",82.60%,"$33,347,096 ",17.40%,2005
932,Sound of Freedom,"$190,829,464 ","$183,137,093 ",96%,"$7,692,371 ",4%,2023
933,The Santa Clause,"$190,539,357 ","$145,539,357 ",76.40%,"$45,000,000 ",23.60%,1994
934,Cheaper by the Dozen,"$190,538,630 ","$138,614,544 ",72.80%,"$51,924,086 ",27.20%,2003
935,The Equalizer 2,"$190,400,157 ","$102,084,362 ",53.60%,"$88,315,795 ",46.40%,2018
936,Abominable,"$190,304,772 ","$61,270,390 ",32.20%,"$129,034,382 ",67.80%,2019
937,Hollow Man,"$190,213,455 ","$73,209,340 ",38.50%,"$117,004,115 ",61.50%,2000
938,Outbreak,"$189,859,560 ","$67,659,560 ",35.60%,"$122,200,000 ",64.40%,1995
939,The White Storm 2: Drug Lords,"$189,396,380 ","$609,461 ",0.30%,"$188,786,919 ",99.70%,2019
940,The X Files,"$189,176,423 ","$83,898,313 ",44.40%,"$105,278,110 ",55.60%,1998
941,Breakup Buddies,"$189,017,596 ","$777,896 ",0.40%,"$188,239,700 ",99.60%,2014
942,Rambo III,"$189,015,611 ","$53,715,611 ",28.40%,"$135,300,000 ",71.60%,1988
943,Insidious: The Red Door,"$188,378,841 ","$82,152,860 ",43.60%,"$106,225,981 ",56.40%,2023
944,The Secret Life of Walter Mitty,"$188,133,322 ","$58,236,838 ",31%,"$129,896,484 ",69%,2013
945,Project Gutenberg,"$188,116,796 ",-,-,"$188,116,796 ",100%,2018
946,Jaws 2,"$187,884,007 ","$81,766,007 ",43.50%,"$106,118,000 ",56.50%,1978
947,12 Years a Slave,"$187,733,202 ","$56,671,993 ",30.20%,"$131,061,209 ",69.80%,2013
948,Heat,"$187,436,818 ","$67,436,818 ",36%,"$120,000,000 ",64%,1995
949,Mr. Popper's Penguins,"$187,361,754 ","$68,224,452 ",36.40%,"$119,137,302 ",63.60%,2011
950,The Grudge,"$187,281,115 ","$110,359,362 ",58.90%,"$76,921,753 ",41.10%,2004
951,One Piece Film: Red,"$187,170,704 ","$12,775,324 ",6.80%,"$174,395,380 ",93.20%,2022
952,I Now Pronounce You Chuck & Larry,"$187,134,117 ","$120,059,556 ",64.20%,"$67,074,561 ",35.80%,2007
953,The Horse Whisperer,"$186,883,563 ","$75,383,563 ",40.30%,"$111,500,000 ",59.70%,1998
954,Walk the Line,"$186,797,986 ","$119,519,402 ",64%,"$67,278,584 ",36%,2005
955,Jian Bing Man,"$186,699,768 ",-,-,"$186,699,768 ",100%,2015
956,The Jungle Book 2,"$186,303,759 ","$47,901,582 ",25.70%,"$138,402,177 ",74.30%,2003
957,The Final Destination,"$186,167,139 ","$66,477,700 ",35.70%,"$119,689,439 ",64.30%,2009
958,Atlantis: The Lost Empire,"$186,053,725 ","$84,056,472 ",45.20%,"$101,997,253 ",54.80%,2001
959,Inside Man,"$186,003,591 ","$88,513,495 ",47.60%,"$97,490,096 ",52.40%,2006
960,The Waterboy,"$185,991,646 ","$161,491,646 ",86.80%,"$24,500,000 ",13.20%,1998
961,Hugo,"$185,770,310 ","$73,864,507 ",39.80%,"$111,905,803 ",60.20%,2011
962,Pitch Perfect 3,"$185,400,345 ","$104,897,530 ",56.60%,"$80,502,815 ",43.40%,2017
963,Watchmen,"$185,382,813 ","$107,509,799 ",58%,"$77,873,014 ",42%,2009
964,The Birdcage,"$185,260,553 ","$124,060,553 ",67%,"$61,200,000 ",33%,1996
965,Moulin Rouge!,"$184,928,542 ","$57,386,607 ",31%,"$127,541,935 ",69%,2001
966,Snow White and the Seven Dwarfs,"$184,925,486 ","$184,925,486 ",100%,$0 ,-,1937
967,Ode to My Father,"$184,827,559 ","$2,300,121 ",1.20%,"$182,527,438 ",98.80%,2014
968,Hop,"$184,367,145 ","$108,498,305 ",58.80%,"$75,868,840 ",41.20%,2011
969,Bad Moms,"$183,936,074 ","$113,257,297 ",61.60%,"$70,678,777 ",38.40%,2016
970,Jupiter Ascending,"$183,887,723 ","$47,387,723 ",25.80%,"$136,500,000 ",74.20%,2015
971,Knowing,"$183,658,498 ","$79,957,634 ",43.50%,"$103,700,864 ",56.50%,2007
972,102 Dalmatians,"$183,611,771 ","$66,957,026 ",36.50%,"$116,654,745 ",63.50%,2000
973,Storks,"$183,510,278 ","$72,800,603 ",39.70%,"$110,709,675 ",60.30%,2016
974,Stand by Me Doraemon,"$183,442,714 ",-,-,"$183,442,714 ",100%,2014
975,The Hitman's Bodyguard,"$183,428,689 ","$75,468,583 ",41.10%,"$107,960,106 ",58.90%,2017
976,Paul Blart: Mall Cop,"$183,348,429 ","$146,336,178 ",79.80%,"$37,012,251 ",20.20%,2009
977,Wayne's World,"$183,097,323 ","$121,697,323 ",66.50%,"$61,400,000 ",33.50%,1992
978,Maverick,"$183,031,272 ","$101,631,272 ",55.50%,"$81,400,000 ",44.50%,1994
979,Mirror Mirror,"$183,018,522 ","$64,935,167 ",35.50%,"$118,083,355 ",64.50%,2012
980,The Man in the Iron Mask,"$182,968,902 ","$56,968,902 ",31.10%,"$126,000,000 ",68.90%,1998
981,Cape Fear,"$182,291,969 ","$79,091,969 ",43.40%,"$103,200,000 ",56.60%,1991
982,The Haunted Mansion,"$182,290,266 ","$75,847,266 ",41.60%,"$106,443,000 ",58.40%,2003
983,The Monkey King: Havoc in Heaven's Palace,"$182,206,924 ",-,-,"$182,206,924 ",100%,2014
984,While You Were Sleeping,"$182,057,016 ","$81,057,016 ",44.50%,"$101,000,000 ",55.50%,1995
985,The Bridges of Madison County,"$182,016,617 ","$71,516,617 ",39.30%,"$110,500,000 ",60.70%,1995
986,From Vegas to Macau III,"$181,732,879 ",-,-,"$181,732,879 ",100%,2016
987,Poseidon,"$181,674,817 ","$60,674,817 ",33.40%,"$121,000,000 ",66.60%,2006
988,The First Wives Club,"$181,489,203 ","$105,489,203 ",58.10%,"$76,000,000 ",41.90%,1996
989,Cliff Walkers,"$181,325,565 ","$152,972 ",<0.1%,"$181,172,593 ",99.90%,2021
990,Scooby-Doo 2: Monsters Unleashed,"$181,239,132 ","$84,239,132 ",46.50%,"$97,000,000 ",53.50%,2004
991,Hot Shots!,"$181,096,164 ","$69,467,617 ",38.40%,"$111,628,547 ",61.60%,1991
992,Road to Perdition,"$181,001,478 ","$104,454,762 ",57.70%,"$76,546,716 ",42.30%,2002
993,Kill Bill: Vol. 1,"$180,906,076 ","$70,099,045 ",38.80%,"$110,807,031 ",61.20%,2003
994,The Scorpion King,"$180,630,907 ","$91,047,077 ",50.40%,"$89,583,830 ",49.60%,2002
995,Sweet Home Alabama,"$180,622,424 ","$127,223,418 ",70.40%,"$53,399,006 ",29.60%,2002
996,Daddy's Home 2,"$180,613,824 ","$104,029,443 ",57.60%,"$76,584,381 ",42.40%,2017
997,Hacksaw Ridge,"$180,563,636 ","$67,209,615 ",37.20%,"$113,354,021 ",62.80%,2016
998,Deja Vu,"$180,557,550 ","$64,038,616 ",35.50%,"$116,518,934 ",64.50%,2006
999,M3GAN,"$179,967,733 ","$95,043,350 ",52.80%,"$84,924,383 ",47.20%,2022
"1,000",Dangerous Minds,"$179,519,401 ","$84,919,401 ",47.30%,"$94,600,000 ",52.70%,1995