actual,pred_prob_mod1,pred_prob_mod2
0,0.3654264209339765,0.38599793914179636
1,0.785475237,0.7983406985956862
1,0.668236459,0.5252339493962495
1,0.6330562216023903,0.7124370498034995
0,0.36798743153215774,0.17462473487073696
0,0.489849566,0.23408718387245667
0,0.412434961,0.2805373631705186
1,0.6622989128913298,0.4060783857386934
1,0.5124170022147965,0.7370099595293964
1,0.5723562409107851,0.42591789955986453
0,0.3084034000458207,0.1173363521130332
1,0.6969170019991617,0.5438163645218391
1,0.6860148349216533,0.5533882997610706
0,0.3348113427793988,0.1967176714782413
0,0.43310517056880427,0.4207522406281259
0,0.40277390065017665,0.22991406897014974
0,0.3868358315647107,0.5430430544067582
1,0.5919863076381573,0.6022636927869349
0,0.30545584919387236,0.24864360214066325
0,0.4659474215438973,0.21499687698162026
1,0.6243550668117099,0.542879162
0,0.4400420458654605,0.22026579259007437
0,0.5342056155082731,0.43619192164585185
0,0.31306446982150593,0.5130323422741427
0,0.40469832976854037,0.4365460654556085
1,0.718553554,0.5869605235064068
0,0.48270524124518244,0.29849608110373704
1,0.6611373496337676,0.7208671986492792
1,0.5297751183108139,0.7357395743336035
0,0.46354365036851863,0.2802372525707769
1,0.45925190867887317,0.4994960694797184
0,0.4413325636429025,0.23532197099088284
0,0.41598312167208407,0.14061481740333634
1,0.4801417214443197,0.4506864487765796
1,0.4692383004073023,0.5389263880448562
1,0.624072194,0.5381595542329268
0,0.32852394622198333,0.5886399662832237
0,0.33781170718373366,0.4969090519540198
1,0.4663390851997356,0.433751273
0,0.3627416653350745,0.3889035251255424
0,0.5126540144602845,0.5330507726889173
0,0.4403056970706313,0.24471976080974397
0,0.4308477278435916,0.3338406062424385
1,0.6064728441092523,0.6018005011807956
0,0.5150349233373588,0.3055952379347455
1,0.6039657970455761,0.7522772140137226
0,0.3169170904750004,0.26514233375104224
1,0.4561001953891345,0.5732620839763591
1,0.6675247184752324,0.5988061892764354
0,0.3204313364366946,0.20076418900315643
1,0.6686754181710498,0.502666469
1,0.882234284,0.641519849
1,0.684766925,0.5342668780338037
1,0.6496958089434163,0.5437308324486251
1,0.6994835276333343,0.7283780317372786
1,0.5376779538629275,0.8842686658499461
0,0.4155738902501518,0.5091902123897676
0,0.4029413853961271,0.12006942954268326
0,0.46274336678773853,0.5449566881814313
0,0.4363579673517264,0.5959813736193217
0,0.3155682764704714,0.2470337310883889
0,0.42812566219258297,0.20515927814289683
1,0.6420683534661296,0.6995222935751908
0,0.41480996939923953,0.22651317046012662
0,0.3129891443885671,0.5327811915861017
1,0.6343955753972228,0.5337010139287707
0,0.3503409455339936,0.16297759818967913
1,0.4776185282828487,0.882507685
0,0.34117658835807396,0.43691944913500236
1,0.5218097479135204,0.7380131440262738
1,0.5240770301139975,0.7533149349393549
0,0.4298464648759843,0.4382418747603022
0,0.35122031853767816,0.3971209136542986
1,0.45446848368335346,0.5355481268820329
1,0.6969305974340079,0.6988341413513516
1,0.5569432834339656,0.8330478168058457
1,0.5460816617899205,0.8733668644616979
0,0.412809836,0.23796134719027343
0,0.5462474140352188,0.48429066545660104
0,0.4930031190774976,0.2131362150015931
1,0.646586254,0.7682676141673963
1,0.47235275057806486,0.8414969124148866
0,0.4159828442030832,0.412665085
0,0.5273050514653901,0.4735391335645145
0,0.4346754494881786,0.2093569444532696
0,0.4244531270085726,0.12997165043065415
1,0.6033528473026769,0.604075845
1,0.4917584865230188,0.40769744584565426
1,0.6977921565342441,0.6914630284021316
0,0.39510500187689057,0.12249841061771219
0,0.49390296273133194,0.46707562952082315
1,0.6124116622480921,0.8787905075419087
1,0.6019341987197148,0.5995176588212174
1,0.978172128,0.8199008033322134
1,0.5076674529294397,0.4942703028746256
0,0.4982136047584599,0.33266846696974306
1,0.5051215522675438,0.8885034772194718
0,0.45864560438757596,0.1407993600024192
0,0.49947853990397356,0.22929579556739202
0,0.3989926181656137,0.11392612041053721
0,0.5287725171017609,0.4156876630241255
1,0.6922756575352028,0.7741921748381158
0,0.339488706,0.374072601
1,0.6819380707988032,0.6170104863543795
1,0.6987269556616088,0.5293558210777205
0,0.3791904192668817,0.43191223742636253
0,0.5142948142496883,0.5826513618151999
1,0.6395596189260228,0.4045270807901855
0,0.36922612184445225,0.5451921604276331
0,0.5458803681788056,0.38844060065560426
0,0.3351778820121896,0.3819597833778119
0,0.3505039171006225,0.35013926760388014
1,0.5059544037056558,0.7570263616890633
1,0.5842436057233533,0.4456957431658882
1,0.5982349837104257,0.49963516823340043
1,0.5950215519594528,0.838735023
1,0.972871709,0.7693615753632832
0,0.4538245062674505,0.3032952686797361
1,0.5164000106471766,0.5241881301849001
1,0.48237873032070105,0.5072032414965824
1,0.6721870199672443,0.5354031640184863
1,0.6889128745574383,0.5237798851399432
0,0.5417816538147926,0.448916393
0,0.40444024481877494,0.5501320556010352
0,0.5460275797591245,0.4960955974008381
0,0.46697999970090676,0.438180534
1,0.4717466899778525,0.7364358342990399
1,0.5521133032676746,0.4405745892681196
0,0.5204819395761611,0.24791204874826803
1,0.5149384459400815,0.8192459169215125
0,0.34055835144561986,0.23597727969909935
0,0.3031518799939398,0.20894569
0,0.43993892090959563,0.43091729255699907
0,0.4318499055306691,0.41685579988276455
1,0.6208146909148989,0.500141009
0,0.5225645132544505,0.10812172160472686
1,0.6628017285121921,0.7714407468339695
1,0.5737866317534935,0.7689586966770128
0,0.34685298602439557,0.4325279945033156
1,0.5981019461648793,0.43422935966678905
1,0.6561702414812872,0.5855564692150639
0,0.4351984387463861,0.16728813355205388
0,0.4775606996558279,0.14720944883024048
0,0.3785875282959371,0.5157591665561118
0,0.4177919747332037,0.559198771
0,0.5054092244276179,0.42489402338214977
1,0.649356505,0.8476730445765847
1,0.6146129586646063,0.7332315237634179
0,0.423553112,0.46446960005257865
0,0.5070623131093046,0.4899104420050341
1,0.6270907441787587,0.71512361
0,0.34344039828393597,0.10001535942269121
0,0.4780035050826952,0.45606852294030253
0,0.5064945531770205,0.27829808799310285
1,0.6046528445537961,0.6212727574073729
0,0.35996852818898617,0.10644873489476273
1,0.48965127632326844,0.8681403107344634
1,0.6702176897997321,0.4320031733043105
0,0.4125877447263532,0.578815823
1,0.4573118207586398,0.5461915552060965
0,0.4627868962204186,0.35723066386994706
1,0.4822174668683613,0.4109566643875045
1,0.5337797135647855,0.5505230389171565
1,0.6358770640729019,0.6513156213150653
0,0.41782179184954116,0.4035676404417885
1,0.6544917560297655,0.6455478646915827
0,0.45853553457393426,0.22014956172518338
0,0.3315661853911257,0.14748263761418826
0,0.4690443905188585,0.25745922229444784
1,0.5217595332937282,0.6048355266879963
1,0.6042317295939356,0.7275868572621691
0,0.3174102870406014,0.5936680792897729
1,0.6079533817541671,0.47974613127067917
0,0.5139343147264466,0.36593588325250825
1,0.6085014257749028,0.43524597282157235
0,0.5092602813107351,0.5977844502453439
1,0.6449613487877859,0.7321096924944841
0,0.46072047751467693,0.5062369105220859
1,0.640256976,0.8070628427955809
0,0.4281636882862633,0.25287197872364553
0,0.3763276691741828,0.30135186049728013
0,0.353161094,0.4362536313368246
1,0.6081554732834871,0.5549034376612345
1,0.6830070263775043,0.5249784731988106
0,0.46329069763282077,0.16660496206831435
1,0.6843071218091128,0.6677769074398363
1,0.6219714305752033,0.5784429875855551
1,0.46695926477629296,0.5768945793682181
1,0.5252408917367041,0.8142777989530408
0,0.46624622586899883,0.4503057481972258
0,0.36507171439150077,0.47673605532979835
1,0.5955426150440684,0.8568942219366297
1,0.5364707642382391,0.876407509
1,0.6052288794418692,0.5633712710150205
0,0.3277473673033703,0.40958636768291834
0,0.4117638859516064,0.1933199698988413
1,0.6933722422943491,0.8705604062668368
1,0.6922194638214229,0.8381597165711558
1,0.6374129579357312,0.4512839812917949
1,0.48252156,0.5963653716357081
1,0.6395657989822556,0.676685595
0,0.32768014833157894,0.19812285835308283
0,0.40563710707798617,0.16277489494923855
1,0.5309025547873854,0.8294083855840774
1,0.5721607976011664,0.7384703914984188
0,0.5295191380497877,0.33924553505359456
0,0.37000933238762235,0.39278186439665097
1,0.5614756765941871,0.7741779268328699
0,0.37305455761547446,0.1430160785164716
0,0.5276925404109789,0.1285134570018097
1,0.5565453255589932,0.4801827030598716
1,0.5628467560824189,0.7368227087374539
1,0.4909059552979173,0.4896266278696404
0,0.5407025892685066,0.21687039601837213
1,0.6234205564453721,0.5147990803769844
0,0.37618777384653335,0.5100337510278247
0,0.5073486662147118,0.12078947992329689
1,0.6201248255186782,0.40099606760953516
1,0.6136278035702838,0.7593698089267651
1,0.5183148817495523,0.7662005245291896
1,0.6877158905626025,0.6574666749566298
1,0.48776447294522507,0.48068140052769187
0,0.3241336175488602,0.5489676467218685
0,0.36047345706470973,0.5049622101514497
0,0.3031010090693287,0.39156510954979173
0,0.4171919913661265,0.4651108588786246
1,0.5493985994906986,0.520768421
0,0.44958937107443975,0.4204827640493789
1,0.695994412,0.4526727422406666
1,0.5523335015787607,0.5111806523740852
1,0.6735248009197836,0.6596122853901025
1,0.5074886514727716,0.7038763415478263
1,0.5032761760062708,0.5226761570831056
0,0.5130659685977954,0.5556695950393153
0,0.46695117080660165,0.11046705891336664
1,0.5421315859309402,0.5171016854631671
0,0.5230756245349131,0.12844069888882328
0,0.34633254488217863,0.4832636581108136
1,0.6920483569786804,0.7081502429628621
0,0.3598775424773845,0.26567610936815855
1,0.6671557919889026,0.607887552
1,0.6441492131979354,0.6144721667150721
1,0.642730461,0.6704525019190404
0,0.5488593790478276,0.32709183136835307
0,0.5139240234593849,0.3061398639158328
1,0.6065550804078539,0.4858469538527248
0,0.3159102273216606,0.22543954994535012
1,0.458131545,0.605979048
1,0.6802119619539216,0.8352634831346921
1,0.6041625786301845,0.7157094606091883
0,0.32346432120583907,0.2889196068635933
0,0.5274067048591482,0.13101838181439077
1,0.4793270472405986,0.7028189446617057
0,0.5073217,0.3529658271597792
0,0.5197447250705669,0.18096150331610686
1,0.5575764737248656,0.47142098240716596
1,0.5001311816750842,0.7460368235121845
1,0.5728986366853592,0.5031260569180763
1,0.4660522342687835,0.595929687
0,0.40864899021467793,0.3003520834172333
1,0.5172483511087744,0.5021581916994852
1,0.849389775,0.6539025319793896
0,0.5231308224887116,0.307412828
1,0.5638050372704503,0.4090620205228649
1,0.45290513497702517,0.7963790567864064
1,0.4681117219486397,0.4345229531572999
1,0.5481233891016712,0.6371275104884768
1,0.5699847086792809,0.680339147
0,0.35935836709370156,0.5068616718611137
0,0.4280909443864477,0.5702519764397013
1,0.6237454715316356,0.5266361917613576
1,0.6650305992973011,0.4049893883292247
1,0.6449627472233375,0.7617218311774561
1,0.4599047063370893,0.6678282996737893
1,0.5701267368144572,0.8180588516036245
1,0.47623254460454373,0.8106941814503472
1,0.5105112539656319,0.8216630838939416
1,0.6966656483167866,0.6425473299897702
1,0.4856238857253783,0.5668141979184329
1,0.574722038,0.795779101
1,0.6045389335795297,0.6256470565146275
0,0.39046327330128466,0.4671828382461092
0,0.41812333875162844,0.204415468
0,0.3114121863755959,0.12928265264226693
1,0.531615327,0.6331548780700851
0,0.36920357694782646,0.3976148663597008
0,0.5428831727252628,0.5359565306402527
1,0.5376567328022952,0.8017688297313017
0,0.42051026452802065,0.27274042686172284
1,0.4696446242887552,0.5017363712487979
0,0.45269501776894205,0.37013944659371056
0,0.3701708038789936,0.13964014231559588
1,0.5918852120653895,0.5947024694894376
0,0.42914315711149476,0.5540092727108312
0,0.3013764497901052,0.29815631274911025
1,0.5000375610612026,0.43328236395711145
1,0.49187064556476745,0.7241590037260478
0,0.3091803406252053,0.17572276096767867
1,0.6091075623859091,0.5877344642332503
0,0.3847151623346879,0.39783991208076475
0,0.5006464198949533,0.14030770258480088
1,0.6840530615609224,0.8985911769514752
1,0.4629928209128681,0.679529642
1,0.5853240838252676,0.5605810763179768
1,0.6272651298627291,0.5100556629523766
1,0.6677422809365213,0.5752602671430809
1,0.628521733,0.5862666368797754
0,0.45426662902945036,0.4150465634308317
1,0.5348625481357016,0.5847870997133866
0,0.386305786,0.4917347800246339
0,0.4268529846794522,0.23853462485669982
0,0.518555631,0.5704400847796022
0,0.42338664508502966,0.16217292071543518
1,0.6543244424906234,0.40418184093842857
1,0.5630795711295751,0.5088337
1,0.6108944237991312,0.7308421441999282
0,0.36868288137987987,0.4610330321018926
0,0.3986440188994116,0.12014275938899924
0,0.4054570446347079,0.30271141256957745
0,0.40275526881638646,0.35814165
1,0.5117758085025366,0.6742095814967813
1,0.4898861700282971,0.4332316628881361
1,0.6679458916480504,0.7832575247662923
0,0.3773431794656955,0.34063897560961853
1,0.6939663139547828,0.7909799885789797
1,0.5342239479427767,0.7758734961979202
1,0.4955294789221748,0.8015010359789185
1,0.6474246267856197,0.6590040332023124
0,0.45910034254585175,0.14306606953184017
0,0.31278384536052517,0.5071933896343807
0,0.36440180508343045,0.24016737627570625
1,0.6298004445680659,0.7711265935995436
0,0.45094886323734695,0.31992781985691743
0,0.4716474783731517,0.4219782897238068
0,0.3286219095164763,0.2904759225117375
0,0.39595972076124486,0.12728270414134948
1,0.49988561273228627,0.8541142443501615
1,0.6200570606078228,0.7793576605819603
0,0.3302562501212983,0.2916076829736258
0,0.40473694754686884,0.20816638881541352
0,0.48779451195210455,0.32128867296640773
0,0.3177519161333139,0.12418135552439044
0,0.3200450035204759,0.5102437922401374
0,0.38869282295899604,0.5131704054750934
0,0.5354314279047313,0.39400023171481424
1,0.5563733336120188,0.7581985559790495
1,0.5364837481367407,0.5354713491581827
0,0.39047999770946623,0.3773435123941836
0,0.4484151978021346,0.5129661542750081
1,0.46002729785312063,0.5207503139964167
1,0.6667578740306122,0.507456319
1,0.5946688521430983,0.6124254214340434
1,0.5596538547973976,0.8539192569417671
0,0.5184246483665863,0.5789729299630688
0,0.48099326386652347,0.37055691243942235
1,0.6683558095204151,0.43848583469043706
0,0.5256133268214604,0.21024381970737463
1,0.5554302317183638,0.591399382
1,0.5192069493087629,0.8109154732926797
1,0.5980875821483406,0.7297553843203851
0,0.302926653,0.12979354867657186
1,0.5026655472514167,0.5359730197092244
0,0.3737601769135391,0.48184613467516024
1,0.6078900550231301,0.5320309923468594
1,0.6332782556038202,0.8695342397251458
0,0.31093476807723686,0.4332609883465175
1,0.6289562411705221,0.5622559
1,0.6772581301664102,0.5347559311461363
0,0.38579183829316455,0.1816833791992101
0,0.482293372,0.19222952552994169
0,0.46307291214798496,0.20114697457910183
0,0.5114010907474767,0.2933535285219889
0,0.47312320666730634,0.12557510281019882
1,0.5730694641120087,0.7309844723969343
0,0.4682416555986081,0.35585372355735045
0,0.36884529356385465,0.34164714248316264
1,0.5613263137506663,0.7804256654653909
0,0.4972462899801984,0.5195733040353763
1,0.5398083423499415,0.4441924734922594
0,0.49959508512958817,0.35284837189068696
0,0.5056055934170697,0.13102070847827715
1,0.5477703841629402,0.6161731132016737
1,0.6923530805838218,0.41557454639669555
1,0.5145333581752819,0.5297882246375246
1,0.614184166,0.41683820193723203
1,0.5312975160561737,0.8395928863006239
0,0.3927931058594069,0.5798955102024251
0,0.45026854170005826,0.12434742419996489
1,0.6924552612696362,0.41948966033056523
1,0.5634473853459098,0.733423696
1,0.509012616,0.5615136728770469
0,0.3417150504246882,0.3706350554708391
0,0.40763233461555193,0.422786091
1,0.5799434871390043,0.5626453091808739
0,0.5225242587959521,0.5729854449227997
1,0.6572208414706523,0.8980788367493895
1,0.5577218809154515,0.8127078320619741
0,0.30636193997643774,0.13859376511323399
1,0.6042862466510075,0.5245043680545449
1,0.6266943042213614,0.6883511994288782
0,0.38515104164532293,0.16164188964947343
1,0.4919048040720794,0.4474589684108349
1,0.4591678567333857,0.8994463060166453
1,0.6341005037664101,0.5633196247129555
0,0.4692801599337524,0.5947526666921612
1,0.5686577189374534,0.8033325265134083
0,0.391148432,0.5744903335235007
0,0.3544731385637475,0.1712782775165578
1,0.5963385910991881,0.520748243
0,0.41350040529902876,0.3773659016411771
0,0.4720685589450593,0.138379031
1,0.477979905,0.4650403349144735
1,0.5174374028792474,0.4112129445810276
1,0.4642717140223287,0.5802134135707431
1,0.582792382,0.7918691255376182
0,0.5410043517794256,0.3448220380160163
0,0.39605167824645005,0.30772150029604484
0,0.3097490031437279,0.11200252242244443
1,0.5630497570708588,0.5160090901544054
1,0.6834687543819762,0.40719072303604253
1,0.5290390262441876,0.7821766932182137
1,0.5768087021720981,0.7118715424320046
0,0.4890534034875442,0.3996798625210828
0,0.4146307522204727,0.4643281421183013
0,0.3723111929931636,0.2576818716330588
1,0.6912796741090114,0.7097631000181517
0,0.3290347400501314,0.21846199694836174
1,0.6879529463558097,0.7123070240572658
0,0.3784916793443382,0.1895158187207919
0,0.5221009180771703,0.49875702264824295
0,0.45073571911986543,0.43877290259188795
1,0.5788990071448126,0.8953395785328829
1,0.5722116450642301,0.778365084
0,0.3721013594546864,0.5612171418280623
0,0.5402838713518983,0.1363674738893342
1,0.45749339746816947,0.5946152358458943
0,0.3963779761842306,0.274968927
1,0.6261701906841617,0.6984259384438798
1,0.5004633630307371,0.8640910490569758
0,0.3385362607946218,0.22033525737857654
0,0.4384278713395028,0.5371536670685403
1,0.4734751789473546,0.6638387331108475
0,0.49047545315121754,0.21232869882088332
0,0.5084124904843964,0.2996662900996113
1,0.6670355635943763,0.8905589539339679
1,0.4942874473618465,0.7247544648537236
1,0.6231564880565411,0.8022070298387367
1,0.6595288224120275,0.757550081
0,0.31441189554975624,0.267096357
0,0.38561199470867835,0.46543517288808023
1,0.5742936910021068,0.6273821712763306
1,0.6044618100503034,0.7373931510837053
0,0.439427207,0.5163058866630655
1,0.5926524366597075,0.5865613092111919
0,0.4451169,0.5332115917698501
0,0.3347991753364239,0.12980866267232952
0,0.4110109373005507,0.44602527651987245
0,0.45655858,0.16999368836088144
0,0.42222445794811286,0.3079092840092055
0,0.4004447001635811,0.3742942075273442
0,0.5484620972249246,0.3013697423734154
1,0.6128082442603731,0.478103284
1,0.4766482575769977,0.7179701634133555
1,0.614461326,0.6996510580697188
1,0.6998534314426665,0.4896780051446205
0,0.35032802695560833,0.2980004831928076
0,0.3987844358160797,0.1665048994536644
1,0.5517269901807176,0.7338802958015764
0,0.4188865093717067,0.5746365531228085
1,0.6455963710145683,0.4848642142884616
0,0.3569374340258024,0.55352098
1,0.6346123023128316,0.7895512931978934
0,0.5273636527343105,0.20415769500425898
1,0.5510350804127582,0.7498197848110608
1,0.5317582903908097,0.8190774874943213
1,0.6168983463908961,0.8014054674122503
0,0.33266308595586574,0.3091947666891668
1,0.640571284,0.6679675394260591
1,0.6494534122146586,0.6442478163299528
1,0.5588958287032333,0.6009435999453651
1,0.6544585540437553,0.4768455214221023
1,0.4800522638426521,0.6863036164410112
0,0.5360105234563495,0.376735888
1,0.4514396651245304,0.8606537561064878
1,0.5311464574750676,0.6915954021385489
1,0.5416153837178495,0.6964200902540552
0,0.4208518589932867,0.11259954741053482
0,0.5158868806286363,0.2774159277715813
1,0.5471395253175864,0.41587188268649433
1,0.5621734056556327,0.6116675720765987
0,0.37144588888146757,0.23058121625543013
1,0.543312948,0.7034234777700696
0,0.49044954784442435,0.38369547207803667
0,0.39663512670575696,0.49812180472819356
0,0.4278188655501878,0.46751259309491167
0,0.4230813700002955,0.4050539610181173
1,0.6048725865024036,0.831498416
0,0.5163942864061382,0.1665910628337617
1,0.5449464450448074,0.4983267924764794
1,0.6658334123929562,0.7687130428853386
1,0.5797704462840545,0.5432597744635614
1,0.5697954694074328,0.8013201561764649
0,0.4433822378638933,0.24409226297976475
1,0.5353119569065391,0.41501300266469643
1,0.5450489046964643,0.8486829328954659
0,0.32731605257740537,0.24281299428112155
1,0.595043092,0.8866913095824106
1,0.5834006366817196,0.6325047587632138
1,0.6019762731983611,0.823693965
1,0.641220815,0.43119703429913864
1,0.6532464346790233,0.5676395250391479
0,0.5208661907465152,0.3358247453752977
1,0.6888809239887337,0.8876715667395353
1,0.4545581456690904,0.8084869536359184
0,0.45664812777330255,0.37526584029811283
0,0.5315956516825218,0.3036827621064162
0,0.304779024,0.3606885107368706
1,0.6745076372374967,0.5927987962566668
1,0.5108705741440748,0.4355174445220011
0,0.48067673942455713,0.11128225585267362
1,0.4650668475723902,0.5146828885188361
0,0.33360878235203045,0.3885585411939533
1,0.5379056718099086,0.5342810837268213
1,0.4753552071123041,0.45048905340888057
1,0.5714679397965814,0.4837455445470539
0,0.36968996810363824,0.31483668167757395
0,0.3526762409668008,0.47492996564413437
0,0.5393620047595241,0.556520733
0,0.3022158212783672,0.3860614818611031
1,0.5847903191688136,0.6198702432539542
1,0.527826925,0.5391842408313283
1,0.6025834458277296,0.7991465986045934
1,0.6290376685557983,0.5631269590205734
1,0.5181560001833835,0.5496916868526742
1,0.5533872753813378,0.5162529961039156
1,0.48047152333423687,0.4648394891121177
1,0.4952873373836701,0.528231531
0,0.33571257182520964,0.40771038991041775
0,0.4883569805642423,0.14078746280568297
0,0.4922306955269103,0.143894119
1,0.6272615654306082,0.5052534698326715
1,0.47671923077368594,0.8045118201458382
0,0.5114803599194331,0.2069973393491568
1,0.514140696,0.5713225732612608
1,0.6907317188093949,0.8323294609290701
0,0.42190695241680276,0.505933062
0,0.3194123336679013,0.10693106795643006
1,0.5875566355390655,0.6422689975400054
1,0.4608531332137048,0.5512097556392682
1,0.6082878438985055,0.6817041822419271
1,0.6878508355516642,0.8019024452417376
1,0.6004029550365828,0.4685742440763716
1,0.6547972148566975,0.6903495422771425
1,0.6710516158371019,0.65275438
1,0.5070199429872331,0.4720393930065998
0,0.5387788018229254,0.3822953194667318
0,0.4306441498341863,0.4315136018615737
0,0.3748914194884685,0.4395333022478187
1,0.659965326,0.44113616213853096
1,0.6750057808495027,0.6297920286068115
1,0.5383553448256795,0.5532317340214101
0,0.47677161931667456,0.24361060460257541
0,0.31255650286599346,0.5398762011471718
0,0.3182254588419759,0.12461045727038081
0,0.40071832065815927,0.2155404264372481
1,0.5559345634121907,0.7625030381495594
0,0.35809608076401195,0.22809575721967748
0,0.3702511247271784,0.21032552981087424
1,0.6059648311691432,0.7885246428258781
0,0.5323070134079635,0.5295558788234582
1,0.5966521157938685,0.5569377483612352
1,0.49200355193621587,0.6690113526819514
0,0.3803739253119705,0.21953319203751484
1,0.665699269,0.8947255654825282
1,0.5041849500226939,0.8447596555218816
1,0.47392863888004044,0.5857336313121884
0,0.5447452787937023,0.3053413165051414
1,0.6104928751108165,0.6446962687032944
0,0.3894535210283872,0.5882805116614521
0,0.46195436149763214,0.42280128852920584
0,0.3307301696163469,0.5672719403577577
1,0.5477264989763786,0.8191152105409003
0,0.42577098769495914,0.4909454564984449
0,0.41233743550991053,0.48292932194237104
1,0.6969463800537218,0.6034024004758618
0,0.45619596569735066,0.5828194876334002
0,0.31794395155662825,0.29677766805315775
0,0.4706543053058506,0.16535866179487865
0,0.3604829200788824,0.43585442962203036
0,0.47848815812664747,0.4646549002386031
0,0.5056336985960492,0.38753028672940737
1,0.697813998,0.4877458136906787
0,0.4381252418519723,0.3522279708346777
0,0.43004247307768784,0.25609486828456474
1,0.6310847042821852,0.6448122310251224
0,0.49383653760078394,0.422609288
1,0.5185401666399515,0.5149133628988092
0,0.4241738557044866,0.21611234545067157
0,0.37106852323187917,0.30266268032347665
0,0.3334570907499233,0.2345807854958146
0,0.45738942422293416,0.19931580693093456
0,0.313583009,0.4916936099979192
0,0.48716130853155004,0.5546263472184962
0,0.37939669881527915,0.28511609284228834
0,0.30003367325112135,0.47563946218688347
0,0.42778228480930747,0.5484976446822055
0,0.31171297713190077,0.5230621052651158
0,0.3690423894552249,0.19140669426961296
1,0.5084280204776083,0.8635618909322247
1,0.5850029786511276,0.8849632626725954
0,0.5098346230890006,0.26962033058691814
1,0.6127193422617985,0.4715005613328632
1,0.5832394466378338,0.5872741216897907
0,0.4852260140380179,0.15450680782046436
1,0.5332504782645495,0.5836953643485352
1,0.6173717387995475,0.4435086091513944
0,0.39005848,0.504413162
0,0.36759832159613137,0.5377443251979482
1,0.5894458543425062,0.7979631935717513
1,0.6326626275598115,0.48756157006517664
0,0.4972331179440018,0.5286154686848955
0,0.5229680362026837,0.48232547519243674
0,0.4084543548941324,0.17334755700759077
0,0.5274857859635981,0.44516142345036447
1,0.4938257355894149,0.5248344763701152
0,0.541019604,0.44127023938357857
0,0.3223223811313932,0.26580842455391696
1,0.5839569211182702,0.8353345170627589
0,0.42345351011423216,0.42286252167552685
0,0.3969122013639118,0.3552852043642518
1,0.6390408322238115,0.7751328819694212
1,0.5368928810597455,0.4760242837122459
1,0.6162279311218045,0.6291617972937877
1,0.6488624901974323,0.5756096936743904
0,0.4782615126585797,0.16865001635778512
0,0.46659635339455163,0.5761933761993623
1,0.549828979,0.8603698251713177
0,0.4902594475626958,0.431156869
0,0.5376931769328346,0.47591257297834055
0,0.4756351253837018,0.5059731173189417
0,0.3745130521598608,0.5728748511129651
0,0.32634123056271414,0.25645977401441133
0,0.49545596583623397,0.5292532272757773
0,0.461037305,0.16584345171810352
0,0.31204650309832405,0.45252045317679634
1,0.6388176051242019,0.4772461020024629
1,0.4819283709088087,0.6436326770500254
1,0.6565169075631321,0.6149926070605298
1,0.6455070219175965,0.6984553452733281
0,0.4144249012898235,0.1844292316851975
0,0.35222068100129095,0.12681739576041542
1,0.5257820889863322,0.5989328515087136
1,0.5157781424777107,0.8137765261370236
1,0.5400341018678798,0.4853541816562401
0,0.4918919071294796,0.2916985705291295
0,0.40412610797596976,0.18413929425385642
0,0.5055449717041058,0.5182210962349348
0,0.512587,0.3744548158200358
1,0.5492453792685709,0.7075645702705999
1,0.5618006351262089,0.8553028586072109
0,0.41807045104074547,0.35555681924475024
1,0.5789198569241244,0.6506378223128647
1,0.6798479933036043,0.4251215049114911
0,0.46945330007751107,0.5143544919090032
0,0.45193803056318066,0.5147813578415249
0,0.3738253693929582,0.4546944109121931
0,0.33415022591279314,0.15270068869823114
0,0.4629099401193192,0.5194269309520344
0,0.4846493645330827,0.43550649026645494
0,0.3789068359408375,0.44851208300214973
0,0.46120815100557844,0.28149142020193585
1,0.6694935801112674,0.42480718666941875
0,0.4783017208206545,0.46268580011742877
1,0.6514813500294052,0.45579649997862376
0,0.5225537506590436,0.30388901720308137
1,0.5261697847745102,0.5405248750834446
0,0.3919464969390382,0.1235983508486895
0,0.31452298802008744,0.5807083098210247
1,0.49338112874662715,0.8007228881114768
1,0.6237377722256154,0.5960467884522864
1,0.5365249316344464,0.7753848246055279
0,0.5088700564355486,0.22439589436958854
0,0.30367334716373845,0.5710291097442978
1,0.6556201409085902,0.5184666624533243
1,0.4831311681854621,0.7386965649444364
1,0.6655036205681556,0.6828907774204982
1,0.6806892976283485,0.8645723586058437
0,0.4034106687296588,0.10535764884767948
1,0.6015632344377444,0.43308259441722025
0,0.4010724368137173,0.5878894092744663
0,0.4327344196030235,0.2845680969046023
0,0.4487829187264204,0.27859616699652245
1,0.5496657569430783,0.7876220259174747
0,0.41602378986337596,0.36027191865242925
0,0.5408748102218971,0.3203324417121468
1,0.4670430773463734,0.4150519361056595
0,0.4693855668647383,0.3527603958617451
1,0.4837915722887057,0.7339339533504068
0,0.4934978445381907,0.1691857973602783
0,0.49323037046902884,0.59136977
1,0.6914555402883049,0.7057318056128304
0,0.5440034558198035,0.13668203372980134
0,0.33138755369066336,0.43157312448760443
0,0.30423691622239524,0.39768318507843636
0,0.49253955293927404,0.3075728269963729
1,0.476416171,0.8424275588480021
0,0.33005180728014405,0.4925319605232156
1,0.738009546,0.53873234
0,0.30438809084165724,0.5101266594724448
1,0.6125502730995384,0.88168016
1,0.48800621328216204,0.40514224796784604
1,0.46533740677766705,0.7580249866210722
0,0.387023898,0.2283236035930479
0,0.39293482372658256,0.4760571663484874
0,0.30033840642886706,0.35643737115263385
1,0.6987165792924417,0.5559397178818626
1,0.46444514024909167,0.569985932
1,0.6237588072146383,0.4394697014732778
0,0.5117652067459749,0.31763113982827695
1,0.5097950260539814,0.5305242631174241
1,0.48556234217179906,0.5716933510888221
0,0.49579960332465656,0.12736635346249295
0,0.4950940308927452,0.20212105318421444
1,0.4752614527526617,0.49286653600259284
1,0.623040335,0.586254466
1,0.46557294953251566,0.8643152810576971
0,0.31642371473859143,0.5575007688737637
1,0.6991742134632442,0.4461802640556893
0,0.36165090874450617,0.47114611574347354
0,0.4210192674275504,0.18390729782301432
0,0.4868611016491735,0.16018178810499303
1,0.6059739590729096,0.8840381907253667
1,0.5817603659779129,0.6233572636292601
1,0.886520846,0.6507589801750833
0,0.5356810797735281,0.3152679104565185
1,0.6716510538101166,0.6354801262173668
0,0.5478319753910552,0.3561964103660533
1,0.49865562795519125,0.7755885684770214
0,0.5406920875633016,0.28741246217499883
0,0.3189012601541877,0.4106653120778536
0,0.3914201870653428,0.4593590566311012
0,0.3563453170016915,0.15530179943658043
1,0.6423262234103349,0.7785240573493127
1,0.4527578161071618,0.42780276084023033
0,0.4556034103914992,0.21636417445777592
1,0.5703360379088309,0.5062236385977366
0,0.4445745998550902,0.194937665
1,0.5149533021862586,0.6055987444412729
1,0.6400724557805337,0.6012031296496558
1,0.48427742643224975,0.8422934441148069
0,0.3970414265317489,0.27062222487886034
1,0.5038004680043093,0.8545876320267929
1,0.4530301936609733,0.5569390382575137
0,0.3862980521235526,0.3544470350349401
0,0.5293714607829976,0.5307228430106621
1,0.6503842779707474,0.4953049165372249
1,0.6898941610802583,0.49231622867368463
1,0.5719635109815906,0.57105381
1,0.47743404966937586,0.6149788098899109
1,0.5869898722434232,0.8154745855275343
0,0.3368257610697426,0.34161603793771755
0,0.3019603976929792,0.5934479726941487
0,0.45773044755729086,0.4772846806028683
1,0.5720602842554445,0.5439726713379962
0,0.33356871272556887,0.36919748964347887
1,0.531168982,0.5499710348885114
1,0.6343392693469498,0.698040978
1,0.5690045323421916,0.6169219614276221
0,0.4251508927886769,0.45318599840499807
1,0.5486190696425088,0.4582915372778484
0,0.3190598044933911,0.10349113094017406
1,0.6462541359592642,0.8512065166430518
0,0.5017413727209985,0.21737721086248565
0,0.4149162176006653,0.5094346352602358
1,0.6467258465638237,0.7293306774698836
0,0.40820400055236733,0.5137618469769085
0,0.31097498566075127,0.10029896941739766
1,0.5594007810138479,0.6833026294527316
1,0.5136676555115128,0.7285152491170537
1,0.6602178948564806,0.8491932332920175
1,0.45960658724058123,0.5997593922934674
1,0.6754404980338559,0.5633973529288887
0,0.545298132,0.3777747849428099
0,0.4982857184991849,0.24568053641887225
0,0.5134462304261668,0.30869739116457395
1,0.6737794351766341,0.4522272590500757
1,0.6091674205418018,0.6884286905663501
0,0.3492314261133571,0.5526494995052578
0,0.5378574525904581,0.34647848582793006
1,0.579602005,0.8902841135303619
0,0.4779307014365122,0.15340035200118182
1,0.6343584421803714,0.4336170900452806
1,0.5780554802031685,0.6974236897509548
1,0.6200569448020883,0.7694333385665164
0,0.40924897141640526,0.24903310058500208
1,0.4711980040114508,0.7293588193635111
1,0.6290808470156706,0.6661459379757273
1,0.46802108399966835,0.45163250443752423
1,0.46781418194131463,0.48626193847318105
1,0.4530271188087219,0.6839871486580402
1,0.6891253495748699,0.5481788067566442
0,0.5269746984449049,0.13526781879647828
1,0.538312852,0.8093701147420254
1,0.5241338953219138,0.8917836032568316
0,0.43036491,0.5106250772798522
1,0.6436633827952954,0.8848618163989885
1,0.6153426527676036,0.615616935
1,0.496298892,0.5737593976568773
0,0.4192250266169925,0.22348058349594627
0,0.479582794,0.5298226726763032
1,0.6150756799253345,0.7460056279733274
1,0.6410931655554339,0.628964497
0,0.4666501197616548,0.106614406
1,0.4552362402577282,0.7069851531626163
1,0.4705429168691068,0.5264290591250556
1,0.6919650087112575,0.6888158771722113
1,0.5238611943693551,0.5796043734913452
0,0.30302577919402685,0.5098124347738224
0,0.30225961726982303,0.544095675
0,0.38925733599250306,0.19960984291853826
1,0.5014218155488888,0.5754095546675078
0,0.3571691949009022,0.24448426246052926
0,0.4585909222179218,0.28852696550084944
0,0.35551896767333013,0.2966603351925944
1,0.6109760633852827,0.504529687
1,0.5825755333122895,0.44234417093765344
0,0.4822153605674867,0.44562333189299463
0,0.32384981932830265,0.18378326965225325
1,0.6496785479136435,0.8204543552014536
0,0.30729244091131613,0.351672565
0,0.42022253665075227,0.49822028076173863
0,0.465608503,0.46973461661936367
0,0.3296256558995379,0.4227671782052611
0,0.3722212347272914,0.17788663029008508
0,0.39945915637553925,0.37352267280778884
0,0.5298827561640125,0.14372325089994273
1,0.482023937,0.866277439
0,0.311227825,0.3067582651449796
1,0.6820209100815124,0.866874712
1,0.506153903,0.7419332259176716
0,0.398114547,0.5778247336332447
1,0.558019221,0.41632953039224796
0,0.5296066080363522,0.2761635271262697
1,0.6032348956236313,0.6038740525013662
0,0.4442806465095802,0.18954746966409078
0,0.3892802898251257,0.2961088967167701
0,0.49688727146469486,0.5738898489846149
1,0.49936762246498434,0.6810944055322625
1,0.6717312250523173,0.7573766382219729
1,0.6114527031638015,0.4342252262830084
0,0.46415776842696904,0.5906287886956384
1,0.6539867347421543,0.45817924258224796
0,0.34789823643370643,0.487617269
1,0.6616285846725695,0.8692410791070773
0,0.32545092073738424,0.4138344385794044
0,0.42648947693373296,0.19600804237001837
0,0.3552131957407522,0.17301050964848128
0,0.30973249083141685,0.5690320697840656
1,0.6604996382225153,0.6016038780666262
0,0.3438054430264568,0.5437344701064412
1,0.6441118616249311,0.8073355023549946
0,0.37061968599425665,0.5041341056081391
1,0.4943571923674267,0.5867289725663527
0,0.4454055732472984,0.26739452094533955
0,0.40915354744219157,0.2568515623785781
1,0.6843470166242797,0.577448842
0,0.42917459630656696,0.27797888673532023
0,0.4896940634393313,0.1742533908218404
1,0.48293219336364046,0.7290799121487868
1,0.6314949774963239,0.4350540698206285
0,0.5235235756333128,0.29106174722998657
0,0.5366141282876014,0.16613435754924086
1,0.5764631732379573,0.47840635265840287
0,0.4048619984893284,0.218741653
0,0.49509137575172046,0.24994879649726812
0,0.4190839333252747,0.4213975352531546
1,0.5975869226146933,0.4841018278832591
1,0.577090137,0.839665108
0,0.4477825758146291,0.28125099226575656
0,0.346533974,0.5119988259399891
0,0.38289117476679846,0.20204383057788014
1,0.6683307289652018,0.7657431798515579
0,0.3517689523027138,0.5004693607707151
0,0.3177895712933582,0.19007932386630963
1,0.49001790873864326,0.8430908860646726
0,0.53519613,0.5418419838439948
1,0.4523329049567733,0.8582102722660332
0,0.4023530179542546,0.44193506245451597
0,0.5027196452519797,0.11267430213196925
0,0.5089564819776291,0.44502344420472484
1,0.47479452489680396,0.7761989411518939
1,0.550373579,0.665647009
1,0.6500177421747898,0.7387190356141473
0,0.4636626717164887,0.22040190803658663
1,0.5887712373255716,0.7657482320215696
0,0.5189707708792644,0.1402904061432568
0,0.43477363818400216,0.17358162554747267
1,0.497006184,0.8164648577871141
0,0.4063070463594235,0.14487975028007857
0,0.30939277259972686,0.5554131323431576
0,0.3319667003056044,0.10302352159198921
0,0.49138668762896526,0.34193010943215574
0,0.30000290868884155,0.16162372906627573
1,0.4588278387350598,0.5255846337742007
0,0.4306275452713971,0.5630297799091327
1,0.5006201400413094,0.6420102862547021
1,0.6895183700298451,0.6570477212756298
0,0.356531333,0.20289718849471086
0,0.37604967990907023,0.4707830542334148
0,0.37598562806375685,0.37333863244865584
1,0.5264010538725538,0.4196347071208262
0,0.30036845552157787,0.3769966277515655
1,0.6990835844068117,0.40318952170329536
0,0.5417113749498214,0.19772900018419995
1,0.5621526577386357,0.8828736049098738
0,0.4657617979508556,0.5582445755577571
0,0.48547408173967876,0.263919099
1,0.598261084,0.5729030492052125
1,0.5478814245444573,0.735546579
0,0.3757327264101073,0.26941174121140365
1,0.6239045366242018,0.8733781223461203
0,0.4781553332746282,0.4689638844994002
1,0.6048973343649602,0.7916489914780238
1,0.5388732526103394,0.5329642253160594
0,0.3927352520394413,0.12480295417474138
0,0.5254850491872876,0.22853134609460438
0,0.5016733799236849,0.332518167
1,0.5702432224715309,0.7297529908256636
1,0.6105813814763068,0.7440227785370644
0,0.3982988002569806,0.5596040155268626
0,0.44765945849865946,0.3118850599654617
1,0.5903711469898809,0.4905916395250414
1,0.5901650236040428,0.7113767016199206
1,0.820871917,0.5113380395615426
0,0.47733020711815244,0.3445242002246416
0,0.3418303260002651,0.2758249361709527
0,0.49515792935638936,0.5547742365060692
1,0.6562623525450155,0.48011280048825317
0,0.5380554464243987,0.48108729359082236
1,0.4692645697835828,0.6090723940813998
0,0.36633153438886673,0.27092452095862907
1,0.5335595796740152,0.8489823234238942
1,0.6462242442778668,0.44206383112969144
1,0.6269202336852289,0.5965519537797006
0,0.48975132063048277,0.4969675667259257
0,0.32562899101661863,0.5704961612872186
0,0.4284636160516919,0.41160518653400346
1,0.48686313167657097,0.7012247209832939
1,0.5320481884023279,0.4815095569074431
1,0.5585048415434688,0.516906417
1,0.4721501074199043,0.4118538768222592
1,0.5051529881778029,0.8174736028472018
0,0.4785816589337494,0.3009381356183698
1,0.6339157785597974,0.4677297683973454
0,0.53024863,0.3251751928903964
0,0.47364885681332136,0.4744815754301993
1,0.6106412998837979,0.8632318989780925
0,0.5154227259468364,0.41737207055201475
0,0.36851789733554774,0.1932099024269873
1,0.646412905,0.4196959168464097
0,0.348810151,0.3728479844065129
1,0.652476222,0.5964475544465895
0,0.3839026135674607,0.24595558674890364
0,0.5446313670972852,0.4743043542909162
0,0.5141343059369817,0.3413006178307604
0,0.475292465,0.2080157201965361
1,0.4961190632834098,0.5532164113516858
0,0.4405181986006428,0.45756250990844394
1,0.533627822,0.6941761104915767
0,0.4240646882205904,0.31355252268017164
1,0.4560479409728388,0.8869002066785747
1,0.6579242609189433,0.6720993312518511
1,0.5182677024932031,0.5376195905185042
0,0.4836109830188979,0.4536394559528336
0,0.39608875963103374,0.226086439
0,0.50629835348980733,0.3233632343513203
1,0.5148241897164434,0.5873609852536883
0,0.3028544958635184,0.20299001793848084
0,0.4759249449072628,0.10047170763381555
1,0.6604833916979521,0.6130606189761154
0,0.4094153320370509,0.5886419115884647
1,0.6506608274489276,0.802824403
0,0.4762177525108454,0.431655355
0,0.5042820355038964,0.5195498493998058
1,0.48336999310398593,0.8086526561066184
0,0.5417588188140365,0.1765722500419781
1,0.6319848267434413,0.4476804606365018
0,0.42619889957613205,0.4001257050497915
0,0.47961348683063754,0.4656252946736875
1,0.6323770571630991,0.8353442277287197
1,0.6413782247477774,0.4417624573400094
1,0.4897270419173384,0.5055629712790187
0,0.4381767689296363,0.2708205563453009
1,0.4838385205694214,0.4256469244906078
0,0.3329287571447734,0.13422035462131307
0,0.5163239397272281,0.5486986591607932
1,0.6891536552708645,0.5672005894943744
0,0.3774469648022748,0.2639214189429091
1,0.72826368,0.6649702934651165
0,0.5178535085477136,0.39865618916535595